num_attention_heads,hidden_size,train_micro_batch_size_per_gpu,seq_length,vocab_size,train_batch_size,tensor_mp_size,pipeline_mp_size,dp_size,sdpa,attention_qkv_transform,attention_score,attention_over_value,attention_linear_projection,mlp_h_to_4h,mlp_4h_to_h,logit_block,estimated_attention_duration,estimated_attention_throughput,estimated_mlp_duration,estimated_mlp_throughput,estimated_duration,estimated_throughput
8,8,4,2048,51200,256,1,1,1,0.391,0.049,0.95,0.865,0.021,0.089,0.09,6.959,0.003,0.178,0.0001,0.089,0.0031,0.175
8,16,4,2048,51200,256,1,1,1,0.817,0.272,2.308,1.905,0.051,0.284,0.348,13.8,0.0029,0.372,0.0001,0.313,0.003,0.37
8,24,4,2048,51200,256,1,1,1,1.072,0.602,2.833,2.42,0.207,0.839,0.75,17.979,0.0033,0.495,0.0001,0.792,0.0034,0.503
8,32,4,2048,51200,256,1,1,1,3.645,0.718,4.741,3.771,0.352,1.119,1.094,23.773,0.0023,0.943,0.0001,1.107,0.0025,0.951
8,40,4,2048,51200,256,1,1,1,1.769,1.663,4.713,3.971,0.564,2.225,1.489,27.687,0.0034,0.809,0.0001,1.784,0.0036,0.842
8,48,4,2048,51200,256,1,1,1,2.451,2.432,6.651,5.562,0.775,3.21,3.087,33.033,0.0032,1.067,0.0001,3.147,0.0033,1.128
8,56,4,2048,51200,256,1,1,1,1.86,3.328,6.585,5.551,1.062,4.407,4.218,38.423,0.004,1.0,0.0001,4.31,0.0041,1.078
8,64,4,2048,51200,256,1,1,1,7.255,4.302,9.369,7.443,1.38,5.707,3.762,43.376,0.0024,1.868,0.0001,4.534,0.0026,1.991
8,72,4,2048,51200,256,1,1,1,3.163,5.426,9.56,6.876,1.68,7.174,5.53,53.297,0.0034,1.538,0.0001,6.245,0.0035,1.686
8,80,4,2048,51200,256,1,1,1,3.126,6.85,8.161,9.05,2.276,5.809,6.521,59.012,0.0036,1.62,0.0001,6.145,0.0037,1.787
8,88,4,2048,51200,256,1,1,1,3.854,8.057,10.888,8.28,2.73,11.014,10.644,,,,,,,
8,8,4,2048,51200,256,1,1,1,0.393,0.044,0.993,0.873,0.022,0.089,0.088,6.944,0.003,0.179,0.0001,0.088,0.0031,0.176
8,16,4,2048,51200,256,1,1,1,0.82,0.263,2.361,1.908,0.089,0.355,0.343,13.82,0.0029,0.378,0.0001,0.349,0.003,0.377
8,24,4,2048,51200,256,1,1,1,1.08,0.608,2.911,2.43,0.202,0.805,0.817,18.043,0.0033,0.498,0.0001,0.811,0.0034,0.507
8,32,4,2048,51200,256,1,1,1,3.65,0.769,4.798,3.751,0.286,1.08,1.358,23.637,0.0024,0.939,0.0001,1.203,0.0025,0.951
8,40,4,2048,51200,256,1,1,1,1.771,1.689,4.809,3.986,0.418,1.794,1.368,27.582,0.0035,0.807,0.0001,1.553,0.0036,0.835
8,48,4,2048,51200,256,1,1,1,2.454,1.716,6.862,5.563,0.75,3.074,2.986,32.883,0.0032,1.061,0.0001,3.03,0.0033,1.121
8,56,4,2048,51200,256,1,1,1,2.491,3.166,6.517,5.424,1.043,3.031,2.916,38.135,0.0035,1.141,0.0001,2.973,0.0036,1.211
8,64,4,2048,51200,256,1,1,1,7.28,4.177,9.415,7.359,1.309,3.87,3.846,42.792,0.0025,1.852,0.0001,3.858,0.0026,1.959
8,72,4,2048,51200,256,1,1,1,2.903,5.088,9.926,6.952,1.704,6.985,4.99,53.796,0.0035,1.487,0.0001,5.821,0.0036,1.628
8,80,4,2048,51200,256,1,1,1,3.885,6.327,10.847,9.039,1.484,8.695,6.624,59.231,0.0032,1.82,0.0001,7.519,0.0033,2.014
8,88,4,2048,51200,256,1,1,1,3.836,6.004,12.001,8.152,2.609,10.468,10.038,64.829,0.0034,1.887,0.0001,10.249,0.0035,2.124
8,96,4,2048,51200,256,1,1,1,10.656,9.39,13.913,10.83,3.127,12.326,12.276,70.313,0.0024,2.966,0.0001,12.301,0.0025,3.337
8,104,4,2048,51200,256,1,1,1,4.518,11.002,14.099,9.789,3.467,12.289,9.668,71.03,0.0035,2.211,0.0001,10.822,0.0036,2.524
8,112,4,2048,51200,256,1,1,1,5.574,12.802,11.529,12.361,4.377,17.3,16.846,77.834,0.0033,2.542,0.0001,17.07,0.0034,2.956
8,120,4,2048,51200,256,1,1,1,5.016,8.315,14.687,11.039,5.016,15.532,14.299,86.081,0.0035,2.537,0.0001,14.89,0.0037,2.963
8,128,4,2048,51200,256,1,1,1,14.176,17.817,17.757,14.551,5.765,23.424,22.295,91.264,0.0024,4.008,0.0001,22.846,0.0025,4.715
8,136,4,2048,51200,256,1,1,1,5.579,18.861,17.286,10.38,6.497,25.638,26.057,88.501,0.0037,2.777,0.0001,25.845,0.0038,3.343
8,144,4,2048,51200,256,1,1,1,6.777,21.667,18.336,13.164,5.72,27.576,20.223,90.552,0.0035,3.152,0.0001,23.334,0.0036,3.803
8,152,4,2048,51200,256,1,1,1,6.181,22.059,14.266,11.853,7.757,30.825,31.917,98.497,0.0038,3.056,0.0001,31.362,0.0039,3.752
8,160,4,2048,51200,256,1,1,1,17.586,25.742,20.385,14.204,6.991,34.351,35.425,103.337,0.0027,4.668,0.0001,34.88,0.0028,5.723
8,168,4,2048,51200,256,1,1,1,6.933,28.615,21.084,12.853,6.491,36.846,39.023,107.747,0.0038,3.491,0.0001,37.903,0.0039,4.361
8,176,4,2048,51200,256,1,1,1,8.262,31.097,22.592,15.932,6.896,39.774,41.943,110.277,0.0035,3.929,0.0001,40.83,0.0036,4.942
8,184,4,2048,51200,256,1,1,1,6.683,33.768,22.907,14.228,11.451,44.951,46.574,116.632,0.004,3.667,0.0001,45.748,0.0041,4.67
8,192,4,2048,51200,256,1,1,1,21.083,27.125,24.307,17.138,12.276,48.551,49.507,121.442,0.0027,5.679,0.0001,49.024,0.0028,7.208
8,200,4,2048,51200,256,1,1,1,8.024,38.4,24.76,14.112,10.543,41.637,55.072,125.661,0.0039,4.148,0.0001,47.421,0.004,5.35
8,208,4,2048,51200,256,1,1,1,9.715,27.966,26.639,18.796,15.383,58.63,62.952,128.387,0.0036,4.729,0.0001,60.714,0.0036,6.164
8,216,4,2048,51200,256,1,1,1,7.946,44.825,26.298,15.234,16.972,60.428,64.129,133.916,0.004,4.361,0.0001,62.223,0.0041,5.74
8,224,4,2048,51200,256,1,1,1,24.211,52.969,27.95,19.125,17.949,57.934,62.138,138.145,0.0027,6.698,0.0001,59.962,0.0028,8.751
8,232,4,2048,51200,256,1,1,1,9.185,41.597,28.152,16.294,19.614,66.007,60.608,142.563,0.0039,4.868,0.0001,63.193,0.004,6.482
8,240,4,2048,51200,256,1,1,1,11.274,55.469,30.184,21.473,14.989,62.915,80.248,141.476,0.0036,5.511,0.0001,70.532,0.0037,7.385
8,248,4,2048,51200,256,1,1,1,8.613,52.266,29.496,17.305,21.983,71.568,83.279,150.507,0.0042,4.944,0.0001,76.981,0.0043,6.704
8,256,4,2048,51200,256,1,1,1,27.296,64.168,34.721,23.007,23.63,75.722,87.013,153.62,0.0027,7.827,0.0001,80.976,0.0028,10.55
8,264,4,2048,51200,256,1,1,1,10.247,57.594,30.122,22.029,23.228,64.514,73.671,112.357,0.0045,4.947,0.0001,68.789,0.0046,6.775
8,272,4,2048,51200,256,1,1,1,12.268,64.476,32.84,24.181,26.443,75.289,76.188,113.846,0.0042,5.436,0.0001,75.736,0.0044,7.492
8,280,4,2048,51200,256,1,1,1,8.118,63.214,30.889,23.214,27.779,74.249,79.585,115.018,0.0052,4.626,0.0001,76.824,0.0053,6.446
8,288,4,2048,51200,256,1,1,1,30.334,56.844,37.625,25.02,29.802,78.917,72.788,116.365,0.0035,7.129,0.0001,75.729,0.0036,9.851
8,296,4,2048,51200,256,1,1,1,11.145,68.662,33.559,24.394,21.737,81.842,80.828,118.282,0.0047,5.433,0.0001,81.331,0.0049,7.64
8,304,4,2048,51200,256,1,1,1,13.727,75.406,36.714,26.846,31.492,88.134,91.049,99.936,0.0048,5.507,0.0001,89.568,0.0049,7.809
8,312,4,2048,51200,256,1,1,1,11.612,74.388,35.065,25.452,33.31,86.163,92.996,125.97,0.0047,5.809,0.0001,89.449,0.0048,8.271
8,320,4,2048,51200,256,1,1,1,31.125,83.83,38.425,28.472,35.849,96.089,97.372,128.674,0.0035,7.963,0.0001,96.727,0.0037,11.312
8,328,4,2048,51200,256,1,1,1,11.993,78.41,36.691,26.219,36.937,89.475,98.034,129.906,0.0048,6.069,0.0002,93.559,0.0049,8.739
8,336,4,2048,51200,256,1,1,1,15.093,76.182,40.421,29.296,36.788,97.971,86.758,106.91,0.0049,6.09,0.0002,92.024,0.0051,8.811
8,344,4,2048,51200,256,1,1,1,12.457,75.656,38.44,27.441,41.111,95.508,104.014,136.199,0.0048,6.403,0.0002,99.58,0.005,9.321
8,352,4,2048,51200,256,1,1,1,36.369,85.776,25.389,30.637,42.864,106.62,105.184,137.375,0.0038,8.424,0.0002,105.897,0.0039,12.236
8,360,4,2048,51200,256,1,1,1,12.869,72.322,38.971,28.5,44.534,99.829,108.723,137.133,0.0049,6.598,0.0002,104.087,0.0051,9.71
8,368,4,2048,51200,256,1,1,1,16.63,87.861,43.899,32.304,47.248,108.339,114.37,143.203,0.0044,7.583,0.0002,111.273,0.0046,11.19
8,376,4,2048,51200,256,1,1,1,13.159,85.494,41.502,29.843,48.826,91.626,118.663,105.029,0.0058,5.973,0.0002,103.406,0.006,8.904
8,384,4,2048,51200,256,1,1,1,39.766,102.601,43.093,33.281,40.645,105.545,105.683,146.531,0.0037,9.674,0.0002,105.614,0.0038,14.24
8,392,4,2048,51200,256,1,1,1,13.385,91.307,35.627,27.736,53.75,108.425,117.646,145.388,0.0052,6.996,0.0002,112.848,0.0054,10.508
8,400,4,2048,51200,256,1,1,1,17.679,99.047,45.896,34.309,59.578,121.083,129.262,125.112,0.005,7.455,0.0002,125.039,0.0052,11.266
8,408,4,2048,51200,256,1,1,1,13.742,95.451,37.23,30.862,52.897,113.074,121.702,152.1,0.0052,7.376,0.0002,117.23,0.0054,11.178
8,416,4,2048,51200,256,1,1,1,41.69,82.551,27.029,35.612,54.275,130.002,136.841,155.151,0.004,9.858,0.0002,133.334,0.0042,14.916
8,424,4,2048,51200,256,1,1,1,14.01,98.841,37.531,31.359,59.964,122.829,115.826,140.329,0.0055,7.267,0.0002,119.225,0.0057,11.126
8,432,4,2048,51200,256,1,1,1,19.276,100.89,49.018,33.916,64.891,132.251,129.397,147.195,0.0048,8.54,0.0002,130.808,0.005,13.1
8,440,4,2048,51200,256,1,1,1,14.366,96.236,38.484,32.577,62.489,127.387,124.978,131.797,0.0058,7.226,0.0002,126.171,0.006,11.184
8,448,4,2048,51200,256,1,1,1,27.628,114.337,51.375,38.811,70.144,126.963,126.914,157.813,0.0043,10.091,0.0002,126.938,0.0045,15.485
8,456,4,2048,51200,256,1,1,1,14.603,100.358,39.273,33.096,67.275,113.221,145.84,161.483,0.0055,8.088,0.0002,127.477,0.0057,12.58
8,464,4,2048,51200,256,1,1,1,20.514,104.816,51.988,39.811,30.514,97.631,150.294,160.646,0.0048,9.333,0.0002,118.369,0.0051,14.444
8,472,4,2048,51200,256,1,1,1,11.356,92.392,40.773,33.543,67.795,118.279,150.086,167.673,0.0062,7.484,0.0002,132.298,0.0064,11.785
8,480,4,2048,51200,256,1,1,1,48.121,126.391,54.127,41.008,36.951,132.545,121.067,161.651,0.004,11.704,0.0002,126.546,0.0043,18.106
8,488,4,2048,51200,256,1,1,1,15.267,110.385,42.029,34.601,73.785,126.229,157.329,148.611,0.0059,8.166,0.0002,140.074,0.0061,12.95
8,496,4,2048,51200,256,1,1,1,22.064,119.394,55.432,38.479,55.858,123.377,141.927,170.584,0.0049,10.179,0.0002,132.003,0.0051,16.016
8,504,4,2048,51200,256,1,1,1,9.297,112.929,43.367,35.472,74.96,126.652,146.028,174.76,0.0071,7.118,0.0002,135.652,0.0073,11.419
8,512,4,2048,51200,256,1,1,1,59.565,130.944,61.825,43.599,85.353,142.217,165.446,175.056,0.0039,13.384,0.0002,152.955,0.0041,21.076
8,520,4,2048,51200,256,1,1,1,15.683,104.585,41.643,39.652,52.12,116.739,119.671,105.545,0.0074,7.083,0.0003,118.187,0.0077,11.393
8,528,4,2048,51200,256,1,1,1,22.601,118.332,56.03,44.591,68.955,131.404,121.35,128.871,0.0059,9.102,0.0003,126.177,0.0062,14.579
8,536,4,2048,51200,256,1,1,1,9.72,73.548,43.134,40.529,56.821,118.09,119.347,129.879,0.0083,6.604,0.0003,118.715,0.0086,10.731
8,544,4,2048,51200,256,1,1,1,31.096,144.075,60.076,54.835,76.913,134.236,124.387,131.477,0.0054,10.265,0.0003,129.124,0.0057,16.479
8,552,4,2048,51200,256,1,1,1,16.179,121.054,43.949,41.615,57.942,129.872,133.198,115.498,0.0074,7.73,0.0003,131.514,0.0077,12.626
8,560,4,2048,51200,256,1,1,1,24.358,121.754,59.231,47.484,74.551,133.455,132.765,133.36,0.006,9.731,0.0003,133.109,0.0063,15.795
8,568,4,2048,51200,256,1,1,1,14.55,70.579,24.136,39.936,67.148,121.041,127.432,134.801,0.0077,7.672,0.0003,124.154,0.0081,12.591
8,576,4,2048,51200,256,1,1,1,33.095,147.712,60.908,57.094,67.375,136.888,128.233,126.063,0.0058,10.328,0.0003,132.419,0.0062,16.82
8,584,4,2048,51200,256,1,1,1,16.679,127.499,44.654,38.757,69.157,130.649,138.177,98.074,0.0085,7.239,0.0003,134.307,0.0088,12.026
8,592,4,2048,51200,256,1,1,1,22.741,125.921,62.341,49.34,66.767,148.679,141.708,138.087,0.0063,9.972,0.0003,145.11,0.0066,16.45
8,600,4,2048,51200,256,1,1,1,15.647,67.26,24.892,41.821,72.603,126.355,130.956,137.137,0.0079,8.106,0.0004,128.614,0.0082,13.468
8,608,4,2048,51200,256,1,1,1,34.363,139.896,64.56,59.905,87.726,158.549,149.989,140.157,0.0057,11.445,0.0003,154.151,0.006,18.926
8,616,4,2048,51200,256,1,1,1,17.085,121.902,47.178,44.378,74.796,144.046,150.679,101.889,0.0086,7.671,0.0003,147.288,0.009,12.927
8,624,4,2048,51200,256,1,1,1,27.288,124.73,50.959,50.712,84.475,140.333,154.244,138.461,0.0064,10.584,0.0003,146.96,0.0067,17.636
8,632,4,2048,51200,256,1,1,1,17.401,127.484,48.004,38.378,74.535,140.433,139.624,144.878,0.0073,9.354,0.0004,140.027,0.0077,15.693
8,640,4,2048,51200,256,1,1,1,36.329,137.593,69.444,61.231,96.089,164.604,153.287,132.15,0.0061,11.402,0.0003,158.744,0.0065,19.117
8,648,4,2048,51200,256,1,1,1,14.892,132.031,46.121,46.286,82.49,131.846,159.659,147.008,0.0078,9.105,0.0004,144.425,0.0082,15.409
8,656,4,2048,51200,256,1,1,1,26.298,86.773,33.122,50.104,90.393,132.431,152.876,148.287,0.0068,10.605,0.0004,141.921,0.0072,17.845
8,664,4,2048,51200,256,1,1,1,17.673,130.705,48.706,46.752,86.283,129.363,158.274,145.325,0.0075,9.745,0.0004,142.366,0.0079,16.522
8,672,4,2048,51200,256,1,1,1,37.64,157.823,69.698,65.335,97.301,156.687,158.806,108.248,0.0073,10.244,0.0004,157.739,0.0077,17.464
8,680,4,2048,51200,256,1,1,1,17.763,135.156,50.094,47.567,88.67,139.315,167.536,149.503,0.0076,10.027,0.0004,152.128,0.008,17.129
8,688,4,2048,51200,256,1,1,1,24.375,81.509,34.682,53.563,95.791,139.559,149.745,152.083,0.0072,10.793,0.0004,144.472,0.0076,18.365
8,696,4,2048,51200,256,1,1,1,18.066,129.684,50.384,48.894,91.184,121.467,162.804,153.127,0.0076,10.309,0.0005,139.13,0.0081,17.598
8,704,4,2048,51200,256,1,1,1,39.788,149.195,73.288,68.099,106.676,165.65,177.374,120.102,0.007,11.368,0.0004,171.312,0.0074,19.573
8,712,4,2048,51200,256,1,1,1,17.37,112.504,38.39,48.989,95.425,144.624,167.692,149.165,0.0082,9.911,0.0004,155.306,0.0086,17.143
8,720,4,2048,51200,256,1,1,1,30.7,129.002,72.255,53.764,103.478,155.245,150.274,160.141,0.0064,12.841,0.0004,152.719,0.0069,21.921
8,728,4,2048,51200,256,1,1,1,18.314,137.075,52.196,49.755,97.873,144.987,172.629,146.54,0.0081,10.354,0.0004,157.605,0.0085,17.978
8,736,4,2048,51200,256,1,1,1,40.882,151.798,74.683,70.072,117.583,167.519,174.88,154.012,0.0062,13.802,0.0004,171.12,0.0066,23.743
8,744,4,2048,51200,256,1,1,1,11.654,131.87,45.449,48.55,99.355,151.48,181.601,147.715,0.0099,8.734,0.0004,165.179,0.0103,15.399
8,752,4,2048,51200,256,1,1,1,32.186,145.955,74.804,56.826,106.301,155.326,159.8,158.26,0.0066,13.236,0.0005,157.532,0.0071,22.821
8,760,4,2048,51200,256,1,1,1,18.673,124.344,49.117,51.456,102.329,149.194,178.487,127.949,0.009,9.819,0.0005,162.532,0.0095,17.294
8,768,4,2048,51200,256,1,1,1,38.696,154.602,78.884,73.226,123.136,176.087,181.443,153.706,0.0065,13.945,0.0004,178.725,0.0069,24.274
8,776,4,2048,51200,256,1,1,1,23.152,130.803,27.927,53.204,92.413,141.672,154.302,120.285,0.0094,9.722,0.0005,147.717,0.01,17.132
8,784,4,2048,51200,256,1,1,1,32.466,152.307,75.577,63.146,108.659,162.638,167.173,119.623,0.0082,11.365,0.0005,164.874,0.0087,20.024
8,792,4,2048,51200,256,1,1,1,23.554,141.636,51.462,54.934,101.472,134.835,169.589,100.106,0.0102,9.23,0.0005,150.228,0.0108,16.402
8,800,4,2048,51200,256,1,1,1,43.796,161.121,79.617,74.301,115.026,171.448,174.617,123.112,0.0077,12.482,0.0005,173.018,0.0081,22.036
8,808,4,2048,51200,256,1,1,1,23.923,146.367,52.05,51.352,91.643,144.704,162.118,123.878,0.0091,10.634,0.0006,152.917,0.0097,18.857
8,816,4,2048,51200,256,1,1,1,32.497,159.37,76.32,63.334,105.141,161.644,171.964,123.903,0.0083,11.841,0.0005,166.645,0.0088,21.019
8,824,4,2048,51200,256,1,1,1,22.332,147.459,51.457,57.32,106.067,142.255,160.016,127.326,0.0093,10.782,0.0006,150.614,0.0098,19.173
8,832,4,2048,51200,256,1,1,1,27.684,146.353,58.917,73.528,116.25,174.456,171.424,128.785,0.0086,11.74,0.0005,172.927,0.0091,20.989
8,840,4,2048,51200,256,1,1,1,24.392,147.884,52.088,53.209,102.053,134.316,169.684,128.952,0.0092,11.161,0.0006,149.942,0.0098,19.886
8,848,4,2048,51200,256,1,1,1,33.352,158.699,71.536,67.536,119.978,159.537,185.716,135.589,0.0081,12.856,0.0005,171.634,0.0086,22.945
8,856,4,2048,51200,256,1,1,1,24.322,129.552,54.039,58.747,110.871,138.932,167.249,130.876,0.0093,11.395,0.0006,151.781,0.0099,20.379
8,864,4,2048,51200,256,1,1,1,28.874,163.249,48.59,77.425,120.143,179.598,152.882,131.92,0.0088,12.149,0.0006,165.167,0.0094,21.8
8,872,4,2048,51200,256,1,1,1,24.792,133.652,54.483,59.645,106.009,144.308,184.565,131.325,0.0094,11.582,0.0006,161.973,0.01,20.863
8,880,4,2048,51200,256,1,1,1,36.466,153.012,82.25,70.144,123.711,164.435,173.212,128.645,0.0085,12.935,0.0006,168.709,0.0091,23.245
8,888,4,2048,51200,256,1,1,1,15.932,79.855,53.345,56.712,109.154,134.466,188.496,133.0,0.011,10.089,0.0007,156.962,0.0117,18.364
8,896,4,2048,51200,256,1,1,1,48.587,171.327,87.673,85.044,129.564,185.102,160.563,133.412,0.0079,14.272,0.0006,171.962,0.0085,25.609
8,904,4,2048,51200,256,1,1,1,23.951,113.404,51.256,60.497,117.697,145.33,185.421,112.24,0.0109,10.527,0.0007,162.946,0.0115,19.234
8,912,4,2048,51200,256,1,1,1,30.659,121.053,61.189,67.571,118.829,164.263,186.242,133.446,0.0091,12.667,0.0006,174.563,0.0098,23.028
8,920,4,2048,51200,256,1,1,1,15.895,83.458,52.351,53.927,120.796,138.453,189.007,135.384,0.0114,10.318,0.0007,159.827,0.0121,18.927
8,928,4,2048,51200,256,1,1,1,49.331,173.082,86.362,75.955,129.875,186.932,186.143,136.607,0.0081,14.684,0.0006,186.537,0.0087,26.651
8,936,4,2048,51200,256,1,1,1,25.635,137.175,55.181,61.912,113.92,150.951,191.744,113.636,0.0109,11.054,0.0007,168.92,0.0116,20.341
8,944,4,2048,51200,256,1,1,1,34.162,138.366,67.103,73.234,135.893,171.306,189.394,137.4,0.0089,13.609,0.0006,179.896,0.0096,24.861
8,952,4,2048,51200,256,1,1,1,26.052,133.007,30.365,62.264,125.244,154.226,194.179,137.82,0.0103,12.01,0.0007,171.912,0.011,22.094
8,960,4,2048,51200,256,1,1,1,52.213,155.345,87.877,88.447,148.267,192.228,128.484,136.126,0.0083,15.086,0.0008,154.021,0.0091,27.115
8,968,4,2048,51200,256,1,1,1,25.831,136.472,55.576,62.738,129.184,143.747,143.815,116.404,0.011,11.437,0.0009,143.781,0.0119,20.934
8,976,4,2048,51200,256,1,1,1,24.742,160.061,84.223,71.039,132.668,159.255,192.917,140.81,0.0097,13.159,0.0007,174.477,0.0104,24.219
8,984,4,2048,51200,256,1,1,1,26.708,139.32,57.78,59.875,115.998,146.725,201.959,141.731,0.0099,13.083,0.0007,169.967,0.0106,24.088
8,992,4,2048,51200,256,1,1,1,52.781,191.332,87.632,89.45,149.953,189.014,207.369,119.222,0.0094,14.012,0.0007,197.766,0.01,25.99
8,1000,4,2048,51200,256,1,1,1,21.679,116.309,45.854,64.148,128.12,150.147,199.976,142.701,0.0108,12.306,0.0008,171.515,0.0115,22.846
8,1008,4,2048,51200,256,1,1,1,41.099,163.101,76.184,74.03,133.605,154.527,180.948,145.401,0.0088,15.266,0.0008,166.697,0.0096,27.879
8,1016,4,2048,51200,256,1,1,1,27.336,142.217,57.058,65.209,135.865,153.179,195.52,147.75,0.0099,13.77,0.0008,171.779,0.0107,25.454
8,1024,4,2048,51200,256,1,1,1,53.19,162.381,88.084,95.678,156.98,183.271,201.193,145.121,0.0084,16.387,0.0007,191.815,0.0091,30.194
8,1032,4,2048,51200,256,1,1,1,25.153,132.796,54.002,49.682,114.138,107.467,160.189,135.605,0.011,12.615,0.0011,128.635,0.0121,23.014
8,1040,4,2048,51200,256,1,1,1,39.41,149.066,88.678,68.64,138.402,167.78,163.976,137.828,0.0095,14.828,0.0009,165.856,0.0103,27.31
8,1048,4,2048,51200,256,1,1,1,20.726,135.027,58.8,50.802,118.573,149.718,164.71,137.372,0.0116,12.231,0.0009,156.857,0.0126,22.805
8,1056,4,2048,51200,256,1,1,1,28.241,178.167,66.861,83.942,129.983,176.083,157.395,138.421,0.0103,13.963,0.0009,166.215,0.0112,25.929
8,1064,4,2048,51200,256,1,1,1,26.089,137.871,59.14,51.595,104.533,149.716,170.386,141.121,0.0109,13.311,0.0009,159.384,0.0119,24.768
8,1072,4,2048,51200,256,1,1,1,41.86,154.77,86.692,70.552,141.311,165.378,171.963,120.352,0.0106,13.874,0.0009,168.606,0.0115,25.887
8,1080,4,2048,51200,256,1,1,1,26.002,122.439,47.763,52.341,121.722,151.693,172.491,140.658,0.0113,13.173,0.0009,161.425,0.0123,24.633
8,1088,4,2048,51200,256,1,1,1,39.215,191.267,85.257,86.436,150.531,187.314,142.68,141.075,0.0096,15.662,0.001,161.978,0.0106,28.918
8,1096,4,2048,51200,256,1,1,1,26.03,143.042,59.419,53.043,124.247,138.616,168.283,139.376,0.0113,13.469,0.001,152.016,0.0123,25.096
8,1104,4,2048,51200,256,1,1,1,43.554,125.172,93.963,71.442,142.23,153.114,178.503,142.069,0.0098,15.789,0.001,164.836,0.0107,29.263
8,1112,4,2048,51200,256,1,1,1,18.31,99.35,42.782,51.517,119.37,115.006,162.154,143.028,0.013,11.997,0.0012,134.57,0.0142,22.408
8,1120,4,2048,51200,256,1,1,1,39.803,199.122,95.704,86.752,154.388,182.75,168.157,144.007,0.0097,16.255,0.0009,175.15,0.0106,30.3
8,1128,4,2048,51200,256,1,1,1,25.606,132.827,59.907,54.413,124.147,137.72,174.698,125.454,0.0125,12.763,0.0011,154.021,0.0135,24.053
8,1136,4,2048,51200,256,1,1,1,34.699,129.895,72.204,74.229,146.261,157.119,177.453,144.617,0.0105,15.373,0.001,166.668,0.0115,28.753
8,1144,4,2048,51200,256,1,1,1,25.906,132.83,34.444,54.897,125.423,130.238,170.312,144.649,0.0121,13.47,0.0012,147.603,0.0132,25.254
8,1152,4,2048,51200,256,1,1,1,41.182,172.73,99.554,91.991,156.157,175.038,164.922,150.22,0.0096,17.05,0.001,169.83,0.0107,31.729
8,1160,4,2048,51200,256,1,1,1,25.552,138.819,55.405,55.389,123.828,134.29,173.894,126.09,0.0128,12.947,0.0012,151.547,0.014,24.479
8,1168,4,2048,51200,256,1,1,1,44.46,118.571,84.312,74.827,142.04,153.629,181.571,146.984,0.0101,16.547,0.0011,166.435,0.0112,30.906
8,1176,4,2048,51200,256,1,1,1,17.474,92.919,40.647,54.693,114.6,135.251,164.253,145.93,0.0139,12.2,0.0012,148.348,0.0151,23.203
8,1184,4,2048,51200,256,1,1,1,41.777,202.041,99.301,89.125,162.986,179.438,182.808,147.954,0.0099,17.232,0.001,181.107,0.011,32.405
8,1192,4,2048,51200,256,1,1,1,25.729,141.019,55.843,55.65,133.514,141.019,185.508,128.216,0.013,13.304,0.0012,160.233,0.0142,25.351
8,1200,4,2048,51200,256,1,1,1,31.179,161.596,88.839,76.568,127.145,158.918,187.573,149.277,0.0109,16.004,0.0011,172.061,0.012,30.239
8,1208,4,2048,51200,256,1,1,1,26.448,143.188,56.2,57.035,133.478,104.835,185.108,148.804,0.012,14.741,0.0014,133.859,0.0134,27.428
8,1216,4,2048,51200,256,1,1,1,43.423,195.164,101.106,93.02,169.32,187.394,188.84,151.222,0.01,17.883,0.001,188.114,0.011,33.808
8,1224,4,2048,51200,256,1,1,1,24.029,145.415,58.525,55.766,142.743,139.427,181.474,151.143,0.0123,14.627,0.0012,157.696,0.0136,27.752
8,1232,4,2048,51200,256,1,1,1,29.353,110.531,59.303,78.591,160.896,151.792,164.276,150.75,0.0117,15.535,0.0013,157.787,0.013,29.347
8,1240,4,2048,51200,256,1,1,1,26.401,147.264,60.823,55.314,143.267,141.393,194.113,158.17,0.0119,15.521,0.0012,163.611,0.0131,29.462
8,1248,4,2048,51200,256,1,1,1,43.931,187.965,101.581,93.025,167.574,182.612,188.632,153.006,0.0102,18.271,0.0011,185.573,0.0113,34.6
8,1256,4,2048,51200,256,1,1,1,18.894,101.406,43.423,56.579,128.308,142.932,187.374,152.949,0.014,13.375,0.0013,162.163,0.0153,25.77
8,1264,4,2048,51200,256,1,1,1,48.506,168.072,95.628,79.093,150.857,141.243,190.695,154.554,0.0102,18.527,0.0013,162.286,0.0115,34.63
8,1272,4,2048,51200,256,1,1,1,26.646,140.289,59.584,57.03,150.108,143.401,188.663,134.83,0.0133,14.363,0.0013,162.947,0.0146,27.584
8,1280,4,2048,51200,256,1,1,1,35.535,160.33,94.895,105.125,182.46,184.34,187.324,155.608,0.0108,17.849,0.0012,185.82,0.012,34.048
8,1288,4,2048,51200,256,1,1,1,26.755,136.082,34.854,60.025,134.769,97.34,166.412,132.877,0.0141,13.819,0.0018,122.831,0.0159,25.961
8,1296,4,2048,51200,256,1,1,1,48.764,109.532,95.415,81.065,154.67,160.553,159.437,135.011,0.0118,16.756,0.0014,159.993,0.0131,31.76
8,1304,4,2048,51200,256,1,1,1,26.833,135.005,61.367,60.771,141.823,138.778,170.729,114.308,0.0151,13.193,0.0015,153.104,0.0165,25.511
8,1312,4,2048,51200,256,1,1,1,33.96,118.791,68.423,93.484,152.578,167.832,171.246,134.477,0.0128,15.706,0.0013,169.522,0.0141,30.206
8,1320,4,2048,51200,256,1,1,1,26.928,136.861,62.313,61.069,143.426,141.9,155.521,135.054,0.0137,14.748,0.0015,148.399,0.0153,28.201
8,1328,4,2048,51200,256,1,1,1,49.76,150.315,91.786,82.789,159.568,169.669,171.756,114.525,0.0133,15.391,0.0014,170.706,0.0147,29.744
8,1336,4,2048,51200,256,1,1,1,25.929,115.036,47.336,62.439,143.015,144.321,175.575,136.788,0.0143,14.467,0.0015,158.421,0.0158,27.956
8,1344,4,2048,51200,256,1,1,1,47.119,171.997,106.361,99.263,160.354,132.969,155.894,137.047,0.0117,17.797,0.0016,143.522,0.0134,33.31
8,1352,4,2048,51200,256,1,1,1,26.516,139.131,60.652,62.439,145.155,140.398,174.85,138.213,0.014,15.087,0.0015,155.742,0.0155,29.054
8,1360,4,2048,51200,256,1,1,1,37.739,157.047,101.364,83.671,162.784,159.628,171.781,138.01,0.0124,17.073,0.0015,165.482,0.0139,32.703
8,1368,4,2048,51200,256,1,1,1,19.591,96.923,43.917,57.484,124.863,111.829,173.365,137.937,0.016,13.366,0.0018,135.959,0.0178,25.759
8,1376,4,2048,51200,256,1,1,1,47.774,182.606,106.63,99.937,170.708,172.896,168.154,139.908,0.0118,18.389,0.0015,170.492,0.0132,35.13
8,1384,4,2048,51200,256,1,1,1,27.142,138.421,63.248,62.885,148.228,142.449,183.247,117.437,0.0157,13.936,0.0016,160.292,0.0172,27.233
8,1392,4,2048,51200,256,1,1,1,51.357,158.07,82.815,87.35,163.778,159.475,178.814,139.902,0.0121,18.275,0.0015,168.592,0.0136,34.965
8,1400,4,2048,51200,256,1,1,1,25.523,92.707,44.347,64.891,144.782,145.92,176.288,140.83,0.0151,14.764,0.0016,159.673,0.0167,28.747
8,1408,4,2048,51200,256,1,1,1,49.22,182.708,108.949,106.532,182.23,186.767,180.81,137.958,0.0121,18.593,0.0014,183.74,0.0135,35.913
8,1416,4,2048,51200,256,1,1,1,25.551,140.588,59.675,65.326,131.424,141.659,167.333,140.711,0.0146,15.472,0.0017,153.43,0.0163,29.926
8,1424,4,2048,51200,256,1,1,1,34.157,115.411,84.857,88.086,154.727,154.318,168.962,140.475,0.0135,16.941,0.0016,161.308,0.0151,32.66
8,1432,4,2048,51200,256,1,1,1,27.063,142.475,62.65,65.452,155.084,140.129,182.1,142.421,0.0144,15.994,0.0017,158.381,0.0161,30.996
8,1440,4,2048,51200,256,1,1,1,49.814,182.029,109.715,103.661,156.13,168.113,167.938,125.466,0.0133,17.547,0.0016,168.025,0.0149,33.917
8,1448,4,2048,51200,256,1,1,1,20.196,104.157,64.072,66.119,139.826,140.662,189.908,143.619,0.016,14.664,0.0017,161.617,0.0177,28.783
8,1456,4,2048,51200,256,1,1,1,53.715,152.24,101.672,89.946,171.708,155.412,174.881,143.601,0.0122,19.342,0.0017,164.573,0.0139,36.953
8,1464,4,2048,51200,256,1,1,1,27.312,138.513,62.549,65.345,142.91,143.236,184.296,125.422,0.0159,14.983,0.0017,161.192,0.0177,29.399
8,1472,4,2048,51200,256,1,1,1,51.304,180.255,87.136,103.055,180.353,187.062,185.906,145.212,0.0123,19.636,0.0015,186.482,0.0138,38.068
8,1480,4,2048,51200,256,1,1,1,27.262,140.596,63.333,65.985,153.76,103.021,181.93,144.91,0.0147,16.47,0.0022,131.55,0.0169,31.306
8,1488,4,2048,51200,256,1,1,1,54.773,155.453,98.651,91.111,171.764,156.513,188.137,143.391,0.0125,19.607,0.0017,170.874,0.0142,37.71
8,1496,4,2048,51200,256,1,1,1,22.328,107.328,66.269,65.917,160.205,142.448,185.05,146.174,0.0159,15.583,0.0018,160.978,0.0177,30.572
8,1504,4,2048,51200,256,1,1,1,51.614,180.374,64.627,104.831,188.778,163.827,192.614,145.33,0.0127,19.602,0.0017,177.058,0.0144,37.929
8,1512,4,2048,51200,256,1,1,1,26.076,138.508,65.447,67.109,156.878,145.551,187.412,147.424,0.0151,16.668,0.0018,163.85,0.0169,32.591
8,1520,4,2048,51200,256,1,1,1,38.867,158.207,96.611,92.383,176.82,160.648,192.014,147.705,0.0133,19.099,0.0017,174.936,0.015,37.083
8,1528,4,2048,51200,256,1,1,1,20.553,98.162,46.394,67.437,152.695,139.799,188.346,143.074,0.0172,14.829,0.0019,160.481,0.0191,29.341
8,1536,4,2048,51200,256,1,1,1,60.84,185.033,119.926,120.217,188.965,194.734,191.93,149.267,0.012,21.446,0.0016,193.322,0.0136,41.638
8,1544,4,2048,51200,256,1,1,1,31.605,139.137,60.538,70.094,140.075,143.097,173.216,145.069,0.0149,17.413,0.002,156.723,0.0169,33.832
8,1552,4,2048,51200,256,1,1,1,36.71,115.285,86.713,96.352,144.94,149.068,185.705,143.819,0.0143,18.284,0.0019,165.382,0.0162,35.577
8,1560,4,2048,51200,256,1,1,1,32.255,140.441,65.477,70.694,140.911,139.642,148.284,144.31,0.015,17.626,0.0022,143.834,0.0172,33.892
8,1568,4,2048,51200,256,1,1,1,45.05,184.78,116.216,104.541,194.224,173.391,174.253,127.946,0.0144,18.454,0.0019,173.821,0.0163,36.139
8,1576,4,2048,51200,256,1,1,1,23.269,131.787,64.739,70.971,138.661,142.427,182.518,146.713,0.0163,16.436,0.002,159.999,0.0184,32.335
8,1584,4,2048,51200,256,1,1,1,57.066,159.055,105.04,97.76,161.539,111.61,170.44,146.998,0.013,20.855,0.0024,134.89,0.0154,38.886
8,1592,4,2048,51200,256,1,1,1,31.105,136.063,61.773,69.245,138.066,145.313,187.242,127.966,0.0167,16.321,0.002,163.634,0.0188,32.268
8,1600,4,2048,51200,256,1,1,1,46.824,157.381,84.414,116.186,167.584,186.314,183.647,147.673,0.0135,20.336,0.0018,184.971,0.0153,39.8
8,1608,4,2048,51200,256,1,1,1,32.606,140.042,36.805,72.595,136.657,99.756,185.244,147.49,0.0159,17.464,0.0026,129.679,0.0185,33.32
8,1616,4,2048,51200,256,1,1,1,57.99,121.276,108.206,99.926,163.032,161.854,183.647,129.319,0.0147,18.998,0.002,172.063,0.0167,37.224
8,1624,4,2048,51200,256,1,1,1,26.881,95.63,66.16,72.82,140.99,145.766,180.097,149.469,0.0164,17.182,0.0021,161.123,0.0185,33.831
8,1632,4,2048,51200,256,1,1,1,28.976,125.921,93.017,116.96,194.533,191.62,177.656,149.236,0.0153,18.598,0.0019,184.374,0.0172,36.882
8,1640,4,2048,51200,256,1,1,1,32.907,121.686,67.112,73.537,143.073,146.419,190.855,149.923,0.0155,18.492,0.0021,165.71,0.0176,36.276
8,1648,4,2048,51200,256,1,1,1,38.988,150.723,108.164,101.576,162.328,164.738,180.188,149.853,0.0143,20.213,0.0021,172.117,0.0163,39.433
8,1656,4,2048,51200,256,1,1,1,23.438,95.694,43.883,74.179,145.087,138.154,172.796,147.531,0.0179,16.257,0.0023,153.545,0.0202,32.142
8,1664,4,2048,51200,256,1,1,1,47.237,129.345,119.386,122.746,196.626,194.744,205.33,151.508,0.0138,21.268,0.0018,199.897,0.0156,42.06
8,1672,4,2048,51200,256,1,1,1,32.654,141.676,62.27,73.796,134.857,142.644,185.497,149.995,0.0158,18.747,0.0023,161.272,0.018,36.708
8,1680,4,2048,51200,256,1,1,1,37.025,106.154,69.853,103.041,167.229,157.276,166.501,150.598,0.0153,19.407,0.0023,161.757,0.0176,37.875
8,1688,4,2048,51200,256,1,1,1,33.077,136.977,66.15,75.135,144.854,143.761,193.772,153.584,0.0156,19.233,0.0023,165.062,0.0179,37.705
8,1696,4,2048,51200,256,1,1,1,44.786,186.588,111.857,119.265,202.855,188.645,187.102,152.322,0.0139,21.817,0.002,187.87,0.0159,42.822
8,1704,4,2048,51200,256,1,1,1,22.946,97.571,45.401,75.747,144.195,142.84,177.869,151.906,0.0182,16.738,0.0024,158.441,0.0206,33.26
8,1712,4,2048,51200,256,1,1,1,60.056,157.859,65.03,103.714,165.201,159.367,195.516,152.37,0.014,21.96,0.0022,175.6,0.0162,42.751
8,1720,4,2048,51200,256,1,1,1,31.914,136.68,63.346,76.341,140.673,137.162,187.325,152.881,0.0161,19.176,0.0024,158.366,0.0186,37.52
8,1728,4,2048,51200,256,1,1,1,36.314,124.849,76.288,121.709,193.89,175.639,170.544,153.182,0.0153,20.342,0.0023,173.054,0.0176,39.985
8,1736,4,2048,51200,256,1,1,1,33.17,143.581,64.059,75.521,143.436,142.934,201.948,154.253,0.016,19.614,0.0024,167.392,0.0184,38.598
8,1744,4,2048,51200,256,1,1,1,61.481,128.811,109.031,105.257,172.121,156.711,199.211,154.899,0.0139,22.775,0.0023,175.423,0.0162,44.237
8,1752,4,2048,51200,256,1,1,1,23.564,97.342,45.307,76.371,148.648,130.619,182.597,152.117,0.0186,17.13,0.0026,152.295,0.0212,33.935
8,1760,4,2048,51200,256,1,1,1,49.88,144.871,121.076,119.141,208.235,192.699,198.767,155.515,0.0141,22.71,0.0021,195.686,0.0162,44.844
8,1768,4,2048,51200,256,1,1,1,32.825,142.895,67.209,76.413,134.971,145.328,172.459,154.661,0.0163,19.825,0.0026,157.735,0.0189,38.763
8,1776,4,2048,51200,256,1,1,1,38.936,109.367,68.075,106.782,172.929,161.464,186.415,155.725,0.0158,20.655,0.0024,173.045,0.0182,40.696
8,1784,4,2048,51200,256,1,1,1,31.806,140.739,61.288,77.045,141.298,142.157,202.527,157.056,0.0165,19.865,0.0025,167.055,0.019,39.185
8,1792,4,2048,51200,256,1,1,1,51.151,166.899,127.124,134.965,200.876,176.798,175.676,157.072,0.014,23.542,0.0024,176.236,0.0164,45.73
8,1800,4,2048,51200,256,1,1,1,23.693,99.374,43.954,78.325,136.225,128.328,163.025,136.281,0.0203,16.398,0.003,143.61,0.0233,32.562
8,1808,4,2048,51200,256,1,1,1,62.162,116.005,108.078,107.603,156.893,160.581,185.299,143.668,0.0154,21.846,0.0025,172.057,0.0179,42.801
8,1816,4,2048,51200,256,1,1,1,33.618,138.156,66.727,79.075,141.076,137.339,183.639,125.764,0.019,17.81,0.0028,157.15,0.0217,35.449
8,1824,4,2048,51200,256,1,1,1,37.83,134.986,80.134,123.863,176.84,182.457,170.699,140.258,0.0169,20.118,0.0025,176.382,0.0194,40.038
8,1832,4,2048,51200,256,1,1,1,33.499,141.228,62.216,79.437,141.766,146.246,173.909,143.635,0.0177,19.387,0.0028,158.882,0.0205,38.268
8,1840,4,2048,51200,256,1,1,1,63.576,158.799,110.211,107.854,155.134,163.017,181.969,142.324,0.0153,22.535,0.0026,171.972,0.0179,44.071
8,1848,4,2048,51200,256,1,1,1,23.966,98.122,60.242,77.834,129.317,129.999,174.782,142.148,0.02,17.348,0.003,149.101,0.0231,34.507
8,1856,4,2048,51200,256,1,1,1,50.214,189.273,122.332,126.087,188.053,195.77,174.182,145.171,0.0154,22.743,0.0024,184.346,0.0179,44.914
8,1864,4,2048,51200,256,1,1,1,33.903,140.855,65.016,79.376,144.674,153.336,174.964,126.608,0.0194,18.189,0.0028,163.438,0.0222,36.435
8,1872,4,2048,51200,256,1,1,1,40.781,111.119,111.348,110.2,162.412,159.382,177.237,142.646,0.0171,20.745,0.0027,167.836,0.0199,41.01
8,1880,4,2048,51200,256,1,1,1,33.989,138.447,69.437,79.329,143.081,153.053,132.146,146.969,0.0178,20.094,0.0033,141.833,0.0211,38.965
8,1888,4,2048,51200,256,1,1,1,52.641,180.877,120.834,124.687,184.232,150.457,177.356,128.12,0.0171,21.087,0.0029,162.803,0.02,41.467
8,1896,4,2048,51200,256,1,1,1,24.569,134.518,68.766,79.152,124.942,156.947,186.09,146.698,0.0195,18.574,0.0028,170.28,0.0223,37.397
8,1904,4,2048,51200,256,1,1,1,65.429,153.689,111.543,112.36,165.429,172.476,125.323,146.041,0.0155,23.497,0.0033,145.166,0.0188,44.655
8,1912,4,2048,51200,256,1,1,1,34.176,138.344,64.471,80.87,145.293,154.041,182.531,128.624,0.0197,18.652,0.0029,167.08,0.0226,37.495
8,1920,4,2048,51200,256,1,1,1,43.426,176.816,126.283,132.18,161.873,181.174,133.739,147.579,0.0163,22.76,0.0031,153.884,0.0194,43.965
8,1928,4,2048,51200,256,1,1,1,34.042,140.765,64.305,79.327,148.166,102.178,139.623,148.831,0.0182,20.496,0.0041,118.001,0.0223,38.528
8,1936,4,2048,51200,256,1,1,1,63.695,154.345,112.289,113.569,150.822,151.717,166.559,129.801,0.0173,21.705,0.0031,158.792,0.0204,42.499
8,1944,4,2048,51200,256,1,1,1,31.134,128.659,55.115,80.934,153.565,145.609,191.517,150.863,0.0188,20.075,0.003,165.437,0.0218,40.012
8,1952,4,2048,51200,256,1,1,1,48.86,189.605,124.939,122.748,197.958,128.596,140.721,150.386,0.0159,23.898,0.0037,134.385,0.0196,44.798
8,1960,4,2048,51200,256,1,1,1,30.918,145.687,68.413,82.204,146.893,145.205,185.584,152.304,0.0185,20.679,0.0031,162.93,0.0216,41.008
8,1968,4,2048,51200,256,1,1,1,54.879,162.28,114.62,114.525,174.713,174.032,188.581,151.865,0.016,24.169,0.0028,181.015,0.0188,47.603
8,1976,4,2048,51200,256,1,1,1,34.203,96.09,45.699,82.656,153.338,99.626,186.27,144.547,0.02,19.413,0.0039,129.818,0.024,37.583
8,1984,4,2048,51200,256,1,1,1,56.15,135.593,125.931,129.076,198.07,194.609,193.721,151.677,0.0161,24.231,0.0027,194.164,0.0188,48.252
8,1992,4,2048,51200,256,1,1,1,33.818,108.033,65.951,83.102,151.8,152.831,183.31,152.116,0.019,20.734,0.0031,166.689,0.0221,41.332
8,2000,4,2048,51200,256,1,1,1,67.494,110.501,67.918,110.58,170.578,122.711,193.922,152.52,0.0167,23.668,0.0035,150.308,0.0202,45.498
8,2008,4,2048,51200,256,1,1,1,34.049,114.383,69.048,82.684,150.921,154.313,190.901,154.819,0.0188,21.225,0.0031,170.668,0.0219,42.36
8,2016,4,2048,51200,256,1,1,1,45.798,183.447,82.737,127.797,198.512,194.864,175.9,154.965,0.0166,24.14,0.0029,184.897,0.0195,47.868
8,2024,4,2048,51200,256,1,1,1,34.195,96.357,47.299,83.453,124.635,104.437,188.101,146.58,0.0204,19.787,0.004,134.305,0.0244,38.527
8,2032,4,2048,51200,256,1,1,1,67.91,137.877,74.575,117.072,174.607,174.275,193.773,155.374,0.0163,24.914,0.0029,183.507,0.0193,49.168
8,2040,4,2048,51200,256,1,1,1,33.892,111.754,66.988,83.278,152.988,156.095,203.139,154.333,0.0192,21.283,0.0031,176.536,0.0223,42.758
8,2048,4,2048,51200,256,1,1,1,63.386,136.677,80.284,144.868,203.674,144.19,196.364,155.875,0.0164,25.194,0.0033,166.28,0.0197,48.905
8,2056,4,2048,51200,256,1,1,1,25.914,126.21,65.605,33.334,131.11,154.029,182.713,149.006,0.0222,18.698,0.0033,167.149,0.0255,37.988
8,2064,4,2048,51200,256,1,1,1,43.223,161.205,108.166,81.226,146.658,172.216,184.771,148.557,0.0181,23.043,0.0031,178.273,0.0213,45.913
8,2072,4,2048,51200,256,1,1,1,20.024,98.472,47.505,33.274,103.795,152.016,182.563,148.75,0.025,16.815,0.0034,165.895,0.0284,34.624
8,2080,4,2048,51200,256,1,1,1,27.537,181.878,130.328,95.05,173.005,132.602,123.066,148.187,0.0197,21.487,0.0044,127.656,0.0241,41.028
8,2088,4,2048,51200,256,1,1,1,25.912,139.574,69.6,33.398,130.863,144.502,181.028,129.272,0.0241,17.639,0.0036,160.716,0.0277,36.006
8,2096,4,2048,51200,256,1,1,1,60.308,152.669,98.856,83.251,150.962,168.761,186.802,150.113,0.0175,24.5,0.0032,177.324,0.0207,48.428
8,2104,4,2048,51200,256,1,1,1,25.899,107.306,46.011,33.319,100.007,102.25,183.108,149.826,0.0236,18.246,0.0044,131.223,0.0281,36.05
8,2112,4,2048,51200,256,1,1,1,25.545,186.028,120.555,99.02,175.728,198.22,189.179,129.501,0.0221,19.617,0.003,193.594,0.0251,40.51
8,2120,4,2048,51200,256,1,1,1,19.297,108.013,67.437,33.553,135.013,149.079,180.822,150.681,0.0249,17.514,0.0036,163.424,0.0285,35.94
8,2128,4,2048,51200,256,1,1,1,39.266,112.396,109.589,82.594,129.022,170.849,177.989,150.446,0.0196,22.458,0.0034,174.346,0.023,44.961
8,2136,4,2048,51200,256,1,1,1,25.719,101.433,70.075,33.542,135.029,149.858,182.969,150.419,0.0234,18.896,0.0036,164.766,0.027,38.476
8,2144,4,2048,51200,256,1,1,1,28.289,186.794,125.674,96.08,176.99,152.935,182.016,131.368,0.0217,20.482,0.0036,166.213,0.0254,41.314
8,2152,4,2048,51200,256,1,1,1,20.251,145.127,68.716,33.636,137.726,148.494,186.117,151.79,0.0243,18.402,0.0037,165.19,0.028,37.655
8,2160,4,2048,51200,256,1,1,1,63.451,157.485,120.893,80.431,147.07,123.984,128.315,152.375,0.0177,25.533,0.0048,126.112,0.0225,47.208
8,2168,4,2048,51200,256,1,1,1,25.779,102.505,66.372,33.885,137.036,153.694,183.506,152.339,0.0236,19.184,0.0037,167.282,0.0273,39.146
8,2176,4,2048,51200,256,1,1,1,27.671,180.643,124.607,103.885,164.235,171.975,115.16,152.88,0.0203,22.517,0.0045,137.947,0.0248,43.486
8,2184,4,2048,51200,256,1,1,1,20.462,103.325,48.379,33.523,129.972,143.159,185.254,151.661,0.0258,17.787,0.0039,161.509,0.0297,36.529
8,2192,4,2048,51200,256,1,1,1,64.454,151.854,116.342,84.445,146.032,147.521,111.034,152.169,0.018,25.718,0.005,126.703,0.0229,47.605
8,2200,4,2048,51200,256,1,1,1,25.557,143.183,67.867,33.498,138.209,138.156,138.38,135.896,0.0249,18.68,0.0046,138.268,0.0295,37.297
8,2208,4,2048,51200,256,1,1,1,24.548,194.397,120.854,97.721,182.083,185.199,193.368,152.219,0.0212,22.012,0.0034,189.195,0.0246,44.943
8,2216,4,2048,51200,256,1,1,1,25.636,143.327,69.313,33.628,109.381,102.868,183.263,155.124,0.0235,20.033,0.0049,131.771,0.0284,39.27
8,2224,4,2048,51200,256,1,1,1,63.472,146.018,81.037,85.618,154.147,131.669,193.922,137.234,0.0199,23.754,0.0041,156.844,0.0241,46.616
8,2232,4,2048,51200,256,1,1,1,21.874,131.989,67.537,33.738,138.559,143.192,187.383,154.802,0.0247,19.27,0.004,162.334,0.0287,39.294
8,2240,4,2048,51200,256,1,1,1,24.868,129.514,115.905,100.024,181.06,187.088,162.06,155.54,0.0219,21.895,0.0038,173.677,0.0257,44.285
8,2248,4,2048,51200,256,1,1,1,25.24,105.396,67.714,33.015,138.345,140.314,155.111,155.642,0.0244,19.718,0.0045,147.342,0.0289,39.541
8,2256,4,2048,51200,256,1,1,1,60.596,149.418,118.242,86.198,158.699,158.374,192.963,156.429,0.0183,26.479,0.0038,173.966,0.0221,52.013
8,2264,4,2048,51200,256,1,1,1,20.518,98.997,71.624,30.229,122.863,145.07,191.258,156.731,0.0263,18.532,0.0041,164.992,0.0304,38.152
8,2272,4,2048,51200,256,1,1,1,29.797,192.173,130.371,95.61,189.305,152.564,145.91,155.596,0.0205,23.922,0.0045,149.163,0.0251,46.599
8,2280,4,2048,51200,256,1,1,1,25.129,148.927,70.365,33.322,140.796,118.467,196.341,138.566,0.0256,19.288,0.0046,147.772,0.0302,38.901
8,2288,4,2048,51200,256,1,1,1,66.356,160.669,98.32,88.297,157.931,161.403,195.695,155.337,0.0185,26.896,0.0039,176.902,0.0223,52.936
8,2296,4,2048,51200,256,1,1,1,24.616,142.619,62.47,33.522,131.855,107.053,142.119,157.402,0.0245,20.391,0.0057,122.119,0.0302,39.477
8,2304,4,2048,51200,256,1,1,1,30.366,171.157,136.271,118.232,172.21,174.634,170.085,157.95,0.0206,24.419,0.004,172.33,0.0246,48.679
8,2312,4,2048,51200,256,1,1,1,27.129,136.73,61.615,34.806,130.558,134.831,156.891,144.7,0.0252,20.056,0.0048,145.027,0.03,40.158
8,2320,4,2048,51200,256,1,1,1,42.672,170.172,117.522,88.886,152.919,158.53,171.764,148.395,0.0204,24.883,0.0043,164.882,0.0247,49.123
8,2328,4,2048,51200,256,1,1,1,27.81,147.31,69.31,35.15,132.751,111.716,188.94,128.168,0.0267,19.167,0.0051,140.411,0.0317,38.493
8,2336,4,2048,51200,256,1,1,1,25.538,143.19,131.111,100.605,180.036,176.419,176.058,146.242,0.0233,22.091,0.0041,176.238,0.0273,44.97
8,2344,4,2048,51200,256,1,1,1,28.193,141.655,70.97,35.175,103.172,106.068,136.155,147.728,0.025,20.684,0.006,119.243,0.0311,39.853
8,2352,4,2048,51200,256,1,1,1,66.25,157.206,119.236,88.191,154.741,161.41,186.399,148.157,0.0196,26.589,0.0042,173.007,0.0238,52.413
8,2360,4,2048,51200,256,1,1,1,28.214,137.655,54.159,35.544,137.197,134.66,180.544,149.41,0.0252,20.763,0.0047,154.262,0.0299,41.864
8,2368,4,2048,51200,256,1,1,1,31.094,192.593,132.844,101.452,162.375,140.843,138.91,148.391,0.0219,24.064,0.0053,139.87,0.0271,46.494
8,2376,4,2048,51200,256,1,1,1,26.139,153.876,62.76,35.774,135.98,131.43,179.816,134.21,0.0269,19.657,0.0049,151.862,0.0318,39.91
8,2384,4,2048,51200,256,1,1,1,55.05,168.232,121.261,89.183,156.248,160.233,187.597,148.961,0.0201,26.432,0.0043,172.839,0.0245,52.235
8,2392,4,2048,51200,256,1,1,1,27.354,99.773,47.781,35.543,103.938,142.702,175.494,138.398,0.028,19.108,0.0048,157.408,0.0328,39.203
8,2400,4,2048,51200,256,1,1,1,30.514,189.858,132.775,97.793,184.753,183.549,174.356,150.015,0.0221,24.335,0.0042,178.834,0.0264,49.086
8,2408,4,2048,51200,256,1,1,1,28.359,137.437,70.592,36.172,139.619,114.67,187.019,132.9,0.027,20.037,0.0053,142.17,0.0324,40.203
8,2416,4,2048,51200,256,1,1,1,42.536,119.879,110.718,78.967,144.638,169.844,183.278,148.721,0.0223,24.477,0.0043,176.306,0.0266,49.253
8,2424,4,2048,51200,256,1,1,1,28.576,134.881,68.233,35.587,113.712,105.8,140.789,149.937,0.0257,21.297,0.0064,120.812,0.0321,41.063
8,2432,4,2048,51200,256,1,1,1,31.687,189.906,133.681,105.925,171.781,150.83,190.758,132.624,0.024,22.943,0.0046,168.46,0.0286,46.348
8,2440,4,2048,51200,256,1,1,1,24.086,134.694,66.702,36.67,142.45,133.474,183.491,152.096,0.0266,20.845,0.005,154.536,0.0316,42.193
8,2448,4,2048,51200,256,1,1,1,42.405,119.724,84.832,87.889,116.603,164.062,160.861,150.894,0.0227,24.551,0.0048,162.445,0.0275,48.776
8,2456,4,2048,51200,256,1,1,1,28.804,111.454,51.751,36.835,143.286,133.729,186.368,151.697,0.0265,21.15,0.0051,155.721,0.0316,42.799
8,2464,4,2048,51200,256,1,1,1,32.064,190.317,130.415,93.039,185.874,152.04,186.187,149.445,0.0226,24.907,0.0048,167.39,0.0274,49.658
8,2472,4,2048,51200,256,1,1,1,22.611,102.974,71.449,32.258,124.477,115.749,181.221,150.842,0.0285,19.847,0.0057,141.267,0.0342,39.972
8,2480,4,2048,51200,256,1,1,1,66.976,162.055,120.812,88.61,160.132,121.053,140.826,148.702,0.0206,27.649,0.0062,130.193,0.0268,51.35
8,2488,4,2048,51200,256,1,1,1,29.092,145.787,66.74,36.988,143.89,104.741,187.089,133.831,0.0276,20.723,0.006,134.296,0.0337,41.098
8,2496,4,2048,51200,256,1,1,1,32.663,179.545,111.586,99.919,186.987,181.108,190.537,153.777,0.0226,25.495,0.0044,185.703,0.027,51.605
8,2504,4,2048,51200,256,1,1,1,25.504,104.318,49.446,36.606,146.796,140.216,183.505,144.233,0.0288,20.102,0.0052,158.966,0.034,41.235
8,2512,4,2048,51200,256,1,1,1,43.452,178.353,122.101,89.21,159.595,147.85,141.152,153.324,0.0216,26.894,0.0057,144.423,0.0274,51.484
8,2520,4,2048,51200,256,1,1,1,29.117,147.048,72.995,36.874,143.076,114.663,189.908,151.311,0.0261,22.442,0.0058,142.991,0.0319,44.439
8,2528,4,2048,51200,256,1,1,1,27.347,141.444,114.339,98.073,188.186,171.98,187.418,153.204,0.0244,24.089,0.0047,179.367,0.0291,49.008
8,2536,4,2048,51200,256,1,1,1,29.391,132.717,72.81,37.169,122.872,104.522,140.307,153.133,0.0264,22.429,0.007,119.799,0.0334,42.932
8,2544,4,2048,51200,256,1,1,1,68.244,151.824,117.754,84.772,163.555,135.121,188.976,136.478,0.0226,26.306,0.0054,157.574,0.028,51.547
8,2552,4,2048,51200,256,1,1,1,22.778,108.694,68.875,37.753,133.2,134.588,189.716,139.643,0.0301,19.865,0.0054,157.467,0.0355,40.861
8,2560,4,2048,51200,256,1,1,1,36.094,166.327,140.029,123.967,151.916,125.877,127.222,156.088,0.0225,26.763,0.0068,126.546,0.0293,49.915
8,2568,4,2048,51200,256,1,1,1,29.287,138.896,56.59,38.586,134.54,114.272,180.921,129.138,0.0295,20.521,0.0062,140.072,0.0356,41.227
8,2576,4,2048,51200,256,1,1,1,68.397,150.691,120.465,93.659,153.344,146.504,170.767,151.273,0.0213,28.498,0.0055,157.708,0.0268,55.047
8,2584,4,2048,51200,256,1,1,1,29.519,101.474,49.473,38.851,97.145,141.362,173.006,150.424,0.0286,21.342,0.0056,155.591,0.0343,43.387
8,2592,4,2048,51200,256,1,1,1,31.263,180.807,118.621,105.796,177.61,162.881,173.053,150.54,0.024,25.584,0.0052,167.813,0.0293,51.095
8,2600,4,2048,51200,256,1,1,1,28.343,142.719,73.322,38.969,138.952,107.484,176.858,132.442,0.0292,21.164,0.0066,133.708,0.0358,41.993
8,2608,4,2048,51200,256,1,1,1,43.767,120.676,87.475,92.108,153.446,158.473,166.762,143.228,0.0247,25.112,0.0055,162.512,0.0302,50.065
8,2616,4,2048,51200,256,1,1,1,24.394,144.835,69.903,39.457,138.608,124.756,138.465,149.475,0.0285,21.905,0.0068,131.253,0.0353,43.06
8,2624,4,2048,51200,256,1,1,1,32.268,184.455,134.267,109.549,177.766,164.104,140.206,131.696,0.0261,24.036,0.006,151.217,0.0321,47.705
8,2632,4,2048,51200,256,1,1,1,22.955,143.469,56.443,39.684,101.411,135.05,178.222,137.728,0.031,20.338,0.0059,153.661,0.0369,41.678
8,2640,4,2048,51200,256,1,1,1,69.583,146.282,124.297,90.521,105.217,120.134,136.488,152.445,0.0222,28.566,0.0071,127.79,0.0293,52.741
8,2648,4,2048,51200,256,1,1,1,29.663,112.34,74.202,39.65,138.027,133.193,174.722,133.67,0.0299,21.279,0.0061,151.157,0.036,43.198
8,2656,4,2048,51200,256,1,1,1,27.737,180.681,93.626,108.662,183.248,163.2,176.963,152.745,0.0253,25.284,0.0054,169.803,0.0308,50.851
8,2664,4,2048,51200,256,1,1,1,29.12,101.001,50.511,40.095,97.478,133.65,177.487,138.494,0.0309,20.824,0.0061,152.481,0.037,42.518
8,2672,4,2048,51200,256,1,1,1,67.286,123.087,126.757,94.819,153.382,145.395,162.734,152.993,0.0226,28.66,0.0061,153.577,0.0287,55.204
8,2680,4,2048,51200,256,1,1,1,25.148,132.734,70.086,40.86,139.163,131.51,181.79,153.563,0.0288,22.604,0.0062,152.615,0.0349,45.551
8,2688,4,2048,51200,256,1,1,1,26.545,130.649,97.846,118.508,160.912,153.265,125.738,152.807,0.0267,24.501,0.0069,138.144,0.0335,47.727
8,2696,4,2048,51200,256,1,1,1,29.745,134.182,66.966,41.145,133.271,104.295,139.697,148.744,0.0284,23.149,0.008,119.427,0.0364,44.266
8,2704,4,2048,51200,256,1,1,1,70.825,149.304,125.389,95.914,153.834,138.883,157.712,134.436,0.0243,27.198,0.0065,147.7,0.0308,52.601
8,2712,4,2048,51200,256,1,1,1,23.152,149.862,57.429,41.333,132.41,136.836,176.917,154.613,0.0297,22.37,0.0062,154.316,0.0359,45.311
8,2720,4,2048,51200,256,1,1,1,33.143,171.703,135.028,110.43,131.01,141.428,121.248,155.478,0.0247,26.989,0.0074,130.563,0.0322,50.912
8,2728,4,2048,51200,256,1,1,1,30.145,141.713,59.602,41.363,140.634,109.135,171.534,137.618,0.0299,22.435,0.0073,133.398,0.0372,44.24
8,2736,4,2048,51200,256,1,1,1,73.289,142.225,96.722,95.491,150.93,152.431,165.418,150.014,0.0231,29.167,0.0062,158.659,0.0293,56.499
8,2744,4,2048,51200,256,1,1,1,30.182,132.1,67.125,41.112,97.927,108.869,182.087,156.073,0.0285,23.757,0.0072,136.266,0.0358,46.541
8,2752,4,2048,51200,256,1,1,1,33.722,152.428,132.015,110.304,179.926,148.522,169.995,138.503,0.0268,25.399,0.0063,158.535,0.0331,50.604
8,2760,4,2048,51200,256,1,1,1,29.576,141.076,51.295,41.152,141.955,131.649,172.359,156.922,0.0286,23.927,0.0067,149.278,0.0353,47.682
8,2768,4,2048,51200,256,1,1,1,72.552,122.749,80.201,95.929,116.056,122.23,183.332,156.18,0.0237,29.02,0.0068,146.672,0.0306,55.388
8,2776,4,2048,51200,256,1,1,1,24.984,138.096,72.077,41.059,142.202,130.034,165.552,145.653,0.0306,22.566,0.0069,145.659,0.0376,45.285
8,2784,4,2048,51200,256,1,1,1,33.212,175.635,137.061,109.958,185.36,162.753,147.301,157.527,0.0248,27.975,0.0066,154.642,0.0314,54.471
8,2792,4,2048,51200,256,1,1,1,23.76,103.922,50.691,41.657,144.04,136.839,159.398,151.386,0.032,21.801,0.0069,147.26,0.039,44.14
8,2800,4,2048,51200,256,1,1,1,72.033,122.93,85.685,97.348,160.379,147.167,176.136,158.129,0.0235,29.911,0.0064,160.354,0.0299,57.898
8,2808,4,2048,51200,256,1,1,1,28.509,141.632,70.18,41.918,143.936,113.231,173.655,141.143,0.0305,23.103,0.0075,137.08,0.0381,45.68
8,2816,4,2048,51200,256,1,1,1,27.965,142.739,136.703,130.741,186.125,179.142,159.217,151.799,0.0272,26.091,0.0062,168.593,0.0333,52.452
8,2824,4,2048,51200,256,1,1,1,24.937,133.497,68.595,42.328,140.715,116.131,134.542,142.585,0.0317,22.467,0.0084,124.66,0.0401,43.844
8,2832,4,2048,51200,256,1,1,1,72.309,149.687,121.12,94.19,152.461,148.185,137.806,128.36,0.0264,27.083,0.0074,142.807,0.0338,52.297
8,2840,4,2048,51200,256,1,1,1,23.88,142.701,58.753,42.594,108.502,133.153,162.827,130.537,0.0341,21.098,0.0072,146.503,0.0413,43.008
8,2848,4,2048,51200,256,1,1,1,34.342,170.436,137.874,113.495,164.658,143.653,138.661,148.498,0.0263,27.442,0.0075,141.113,0.0339,52.728
8,2856,4,2048,51200,256,1,1,1,30.029,112.331,73.655,41.954,101.99,133.792,163.696,129.528,0.0333,21.78,0.0073,147.241,0.0406,44.215
8,2864,4,2048,51200,256,1,1,1,62.502,159.792,126.727,100.021,155.962,150.577,162.261,145.509,0.0247,29.557,0.0069,156.201,0.0316,57.165
8,2872,4,2048,51200,256,1,1,1,29.927,129.871,49.525,43.199,102.352,106.655,168.811,147.884,0.0314,23.391,0.0083,130.721,0.0396,45.795
8,2880,4,2048,51200,256,1,1,1,35.01,133.766,92.359,115.788,176.91,156.74,131.766,150.068,0.0273,26.975,0.0076,143.172,0.0349,52.25
8,2888,4,2048,51200,256,1,1,1,25.25,136.56,69.722,43.589,140.201,130.344,152.554,149.328,0.0315,23.514,0.0078,140.577,0.0393,46.698
8,2896,4,2048,51200,256,1,1,1,70.207,122.11,89.846,95.79,112.08,121.246,177.355,135.184,0.0274,27.116,0.0076,144.029,0.0351,52.561
8,2904,4,2048,51200,256,1,1,1,28.221,141.703,74.24,43.538,142.69,128.639,130.144,150.617,0.0305,24.491,0.0085,129.387,0.0391,47.43
8,2912,4,2048,51200,256,1,1,1,34.915,166.372,137.342,111.11,187.169,161.152,150.46,150.547,0.0267,28.174,0.0071,155.623,0.0338,55.101
8,2920,4,2048,51200,256,1,1,1,23.526,99.944,50.723,43.78,132.454,128.128,153.687,149.742,0.0341,22.13,0.008,139.748,0.0421,44.471
8,2928,4,2048,51200,256,1,1,1,51.859,150.492,128.758,100.314,159.639,127.229,140.244,151.34,0.0254,29.808,0.0084,133.42,0.0339,55.578
8,2936,4,2048,51200,256,1,1,1,29.898,131.1,70.124,44.103,129.985,114.412,164.521,150.702,0.0309,24.667,0.0084,134.966,0.0393,48.185
8,2944,4,2048,51200,256,1,1,1,28.413,141.512,89.294,122.519,190.915,166.83,181.982,143.828,0.0298,25.699,0.0065,174.077,0.0363,52.362
8,2952,4,2048,51200,256,1,1,1,30.108,110.785,69.159,44.584,144.235,132.775,139.795,151.793,0.0314,24.494,0.0084,136.194,0.0398,48.037
8,2960,4,2048,51200,256,1,1,1,73.59,131.688,124.282,100.621,161.075,148.279,167.164,152.525,0.0249,31.005,0.0073,157.156,0.0322,59.603
8,2968,4,2048,51200,256,1,1,1,30.025,102.143,50.478,43.89,98.93,132.432,167.305,135.116,0.035,22.185,0.0078,147.84,0.0428,45.108
8,2976,4,2048,51200,256,1,1,1,35.239,143.888,136.62,111.933,191.07,163.028,141.892,152.838,0.0274,28.463,0.0077,151.728,0.0351,55.362
8,2984,4,2048,51200,256,1,1,1,25.755,136.927,73.944,44.977,143.156,124.472,157.679,152.355,0.032,24.493,0.0084,139.121,0.0404,48.302
8,2992,4,2048,51200,256,1,1,1,47.665,117.759,80.701,100.079,110.362,149.588,177.711,152.326,0.028,28.122,0.0072,162.441,0.0352,55.665
8,3000,4,2048,51200,256,1,1,1,30.191,123.309,51.322,44.932,144.463,132.571,153.746,152.692,0.032,24.754,0.0083,142.375,0.0402,48.97
8,3008,4,2048,51200,256,1,1,1,36.365,152.635,141.147,114.549,194.138,163.586,160.398,152.789,0.0273,29.073,0.0073,161.977,0.0347,57.147
8,3016,4,2048,51200,256,1,1,1,29.903,100.974,49.623,43.004,100.892,137.241,165.086,145.015,0.0345,23.137,0.008,149.881,0.0425,46.878
8,3024,4,2048,51200,256,1,1,1,76.846,143.499,80.839,101.831,164.375,143.992,156.76,154.25,0.0254,31.607,0.008,150.105,0.0334,59.965
8,3032,4,2048,51200,256,1,1,1,27.098,111.137,75.052,44.784,147.249,130.42,165.542,155.06,0.0326,24.702,0.0083,145.897,0.0409,49.183
8,3040,4,2048,51200,256,1,1,1,36.48,139.539,87.351,110.962,143.076,139.735,169.002,154.594,0.0285,28.421,0.0079,152.982,0.0364,55.511
8,3048,4,2048,51200,256,1,1,1,25.796,132.763,72.0,45.242,147.458,132.679,179.958,154.21,0.0327,24.903,0.008,152.744,0.0406,49.984
8,3056,4,2048,51200,256,1,1,1,67.872,149.451,86.75,103.357,153.233,147.093,179.778,136.4,0.0281,29.121,0.0076,161.801,0.0356,57.297
8,3064,4,2048,51200,256,1,1,1,30.115,131.498,46.49,41.126,102.338,104.331,169.072,155.09,0.0331,24.782,0.0095,129.036,0.0427,48.087
8,3072,4,2048,51200,256,1,1,1,34.735,166.874,149.624,141.756,181.29,161.066,168.047,135.423,0.03,27.476,0.0075,164.483,0.0375,54.927
8,3080,4,2048,51200,256,1,1,1,28.898,138.926,66.533,46.237,135.449,131.575,169.867,150.627,0.0326,25.413,0.0084,148.289,0.041,50.553
8,3088,4,2048,51200,256,1,1,1,76.829,147.281,126.207,102.57,106.592,121.012,136.378,151.664,0.0263,31.694,0.0097,128.236,0.036,57.829
8,3096,4,2048,51200,256,1,1,1,32.498,118.835,54.776,46.454,138.977,128.355,158.571,130.223,0.0356,23.505,0.0089,141.872,0.0444,47.103
8,3104,4,2048,51200,256,1,1,1,34.41,181.888,132.429,121.159,180.251,156.057,163.788,151.28,0.0284,29.577,0.0079,159.829,0.0363,57.935
8,3112,4,2048,51200,256,1,1,1,32.852,130.792,73.717,46.51,121.083,105.995,137.256,151.811,0.0322,26.225,0.0106,119.617,0.0428,49.394
8,3120,4,2048,51200,256,1,1,1,77.826,141.499,126.983,106.082,148.075,147.132,139.019,133.143,0.0286,29.609,0.0089,142.961,0.0375,56.556
8,3128,4,2048,51200,256,1,1,1,25.944,132.135,59.789,43.052,138.77,114.784,161.103,150.198,0.0345,24.636,0.0096,134.055,0.0441,48.363
8,3136,4,2048,51200,256,1,1,1,34.799,161.436,140.775,124.771,180.97,140.019,134.112,151.606,0.0289,29.609,0.0094,137.002,0.0383,56.002
8,3144,4,2048,51200,256,1,1,1,32.951,130.376,67.912,46.78,109.462,130.307,139.296,133.136,0.0352,24.379,0.0096,134.652,0.0448,48.037
8,3152,4,2048,51200,256,1,1,1,50.559,158.366,128.616,105.351,148.335,145.37,152.697,145.279,0.0284,30.384,0.0087,148.944,0.0371,58.298
8,3160,4,2048,51200,256,1,1,1,32.086,109.128,73.824,46.932,140.13,130.009,139.981,150.885,0.0335,25.836,0.0097,134.811,0.0432,50.3
8,3168,4,2048,51200,256,1,1,1,34.942,159.187,141.267,121.458,176.416,140.964,133.146,134.171,0.0316,27.586,0.0096,136.943,0.0412,53.11
8,3176,4,2048,51200,256,1,1,1,25.823,131.66,62.987,43.5,140.92,114.557,165.653,147.72,0.0354,24.716,0.0098,135.446,0.0451,48.666
8,3184,4,2048,51200,256,1,1,1,52.414,148.2,128.262,107.374,158.159,147.914,141.573,153.644,0.0277,31.698,0.0092,144.674,0.0369,59.829
8,3192,4,2048,51200,256,1,1,1,32.795,130.914,69.493,47.446,144.798,115.37,155.842,135.922,0.035,25.192,0.0101,132.586,0.0451,49.187
8,3200,4,2048,51200,256,1,1,1,28.664,143.1,143.972,130.753,182.298,165.252,151.65,153.015,0.031,28.539,0.0085,158.159,0.0395,56.368
8,3208,4,2048,51200,256,1,1,1,32.916,105.151,51.643,48.0,143.813,131.34,140.209,154.052,0.0343,25.925,0.0099,135.63,0.0443,50.574
8,3216,4,2048,51200,256,1,1,1,76.608,148.045,128.142,101.584,153.803,146.772,157.371,153.93,0.0268,33.366,0.0089,151.887,0.0357,62.99
8,3224,4,2048,51200,256,1,1,1,25.915,104.74,51.545,47.983,135.878,129.689,151.644,150.422,0.0368,24.382,0.0097,139.81,0.0466,48.541
8,3232,4,2048,51200,256,1,1,1,35.587,142.814,138.404,123.483,185.245,160.485,142.274,154.872,0.0298,30.269,0.0091,150.832,0.0389,58.432
8,3240,4,2048,51200,256,1,1,1,27.911,131.312,74.359,48.101,143.389,108.293,161.536,154.895,0.0342,26.483,0.0106,129.661,0.0448,50.923
8,3248,4,2048,51200,256,1,1,1,51.259,121.712,87.035,108.318,159.998,148.049,169.451,155.363,0.0294,30.942,0.0087,158.029,0.0381,60.099
8,3256,4,2048,51200,256,1,1,1,27.781,129.358,48.585,47.948,143.035,132.541,162.679,155.929,0.0352,25.981,0.0095,146.072,0.0447,51.559
8,3264,4,2048,51200,256,1,1,1,30.768,161.449,142.0,125.254,187.81,160.151,123.461,155.761,0.0305,30.058,0.01,139.433,0.0405,57.083
8,3272,4,2048,51200,256,1,1,1,26.134,103.054,51.045,47.527,143.903,131.715,158.438,155.772,0.0368,25.027,0.0098,143.846,0.0466,49.92
8,3280,4,2048,51200,256,1,1,1,56.458,149.803,125.409,108.411,115.158,146.866,163.12,138.373,0.0307,30.1,0.0091,154.567,0.0399,58.588
8,3288,4,2048,51200,256,1,1,1,30.531,114.44,74.948,47.667,146.774,124.838,152.029,156.072,0.0345,26.904,0.0103,137.099,0.0449,52.286
8,3296,4,2048,51200,256,1,1,1,32.652,141.482,113.487,120.885,138.742,151.448,167.4,156.515,0.0314,29.731,0.009,159.025,0.0403,58.43
8,3304,4,2048,51200,256,1,1,1,33.533,114.082,75.325,46.808,105.546,132.08,162.461,137.873,0.037,25.36,0.0098,145.703,0.0468,50.627
8,3312,4,2048,51200,256,1,1,1,60.399,148.303,122.939,99.878,164.064,147.275,161.529,157.544,0.0281,33.537,0.0093,154.073,0.0374,63.617
8,3320,4,2048,51200,256,1,1,1,33.437,104.793,50.71,39.714,103.595,133.615,167.496,157.264,0.0363,26.047,0.0097,148.649,0.046,51.947
8,3328,4,2048,51200,256,1,1,1,36.771,158.71,142.239,149.851,182.742,144.675,164.441,138.514,0.0322,29.494,0.0094,153.926,0.0416,57.695
8,3336,4,2048,51200,256,1,1,1,33.105,131.747,70.491,49.196,144.863,131.702,152.847,150.223,0.0347,27.498,0.0103,141.489,0.045,53.628
8,3344,4,2048,51200,256,1,1,1,80.965,145.605,106.615,110.049,111.605,123.791,141.083,150.804,0.0289,33.167,0.0111,131.872,0.04,60.61
8,3352,4,2048,51200,256,1,1,1,32.986,130.449,54.92,49.474,144.388,107.722,158.006,130.847,0.0381,25.205,0.0115,128.107,0.0496,49.038
8,3360,4,2048,51200,256,1,1,1,36.9,156.254,143.505,124.837,183.036,158.626,142.181,132.914,0.0336,28.759,0.0099,149.954,0.0434,56.293
8,3368,4,2048,51200,256,1,1,1,33.358,126.455,51.321,39.794,100.15,106.782,159.756,151.311,0.0368,26.376,0.0116,128.005,0.0484,50.78
8,3376,4,2048,51200,256,1,1,1,65.11,147.469,94.318,112.163,162.124,136.195,158.858,131.666,0.0322,30.28,0.0102,146.656,0.0423,58.28
8,3384,4,2048,51200,256,1,1,1,33.497,131.388,63.422,49.307,115.054,132.1,158.787,133.114,0.0381,25.65,0.0104,144.219,0.0485,51.082
8,3392,4,2048,51200,256,1,1,1,37.352,163.303,135.245,126.283,136.751,142.404,139.726,152.927,0.0313,31.378,0.0107,141.052,0.042,59.313
8,3400,4,2048,51200,256,1,1,1,33.346,126.786,69.816,49.89,144.69,131.228,142.721,131.984,0.0382,25.83,0.0111,136.733,0.0492,50.786
8,3408,4,2048,51200,256,1,1,1,52.402,150.523,94.931,112.797,124.156,145.48,159.547,133.697,0.0333,29.734,0.01,152.189,0.0433,58.027
8,3416,4,2048,51200,256,1,1,1,33.369,128.828,73.198,40.457,100.811,105.652,159.086,152.659,0.0364,27.316,0.012,126.976,0.0484,52.101
8,3424,4,2048,51200,256,1,1,1,36.655,163.69,102.886,123.347,193.67,160.161,140.722,133.168,0.0344,29.017,0.0103,149.813,0.0447,56.764
8,3432,4,2048,51200,256,1,1,1,33.261,130.091,64.264,50.225,114.897,131.174,163.026,147.875,0.0366,27.377,0.0106,145.376,0.0472,53.911
8,3440,4,2048,51200,256,1,1,1,82.226,142.764,130.361,106.138,111.724,119.979,140.419,145.709,0.0304,33.111,0.012,129.396,0.0424,60.343
8,3448,4,2048,51200,256,1,1,1,33.12,129.97,68.773,49.095,112.921,131.391,141.421,133.832,0.0389,26.005,0.0114,136.222,0.0503,51.072
8,3456,4,2048,51200,256,1,1,1,29.821,155.137,138.607,134.485,176.462,137.251,151.936,136.629,0.0356,28.512,0.0109,144.221,0.0464,55.556
8,3464,4,2048,51200,256,1,1,1,33.084,129.305,68.793,40.792,100.839,105.271,161.775,153.753,0.037,27.555,0.0123,127.545,0.0493,52.561
8,3472,4,2048,51200,256,1,1,1,75.436,135.809,129.359,112.937,164.874,145.883,161.87,134.283,0.0323,31.701,0.0103,153.461,0.0426,61.152
8,3480,4,2048,51200,256,1,1,1,33.281,130.325,63.426,50.563,112.107,130.247,162.024,135.433,0.0391,26.298,0.011,144.408,0.0501,52.237
8,3488,4,2048,51200,256,1,1,1,37.038,162.591,124.27,121.55,138.063,141.474,143.235,155.456,0.0322,32.063,0.0112,142.349,0.0434,60.549
8,3496,4,2048,51200,256,1,1,1,30.575,130.965,72.8,50.736,147.634,132.467,144.808,136.532,0.039,26.54,0.0116,138.363,0.0506,52.128
8,3504,4,2048,51200,256,1,1,1,53.48,146.007,108.16,114.035,140.023,145.231,161.292,154.377,0.0311,33.407,0.0105,152.841,0.0417,63.597
8,3512,4,2048,51200,256,1,1,1,33.275,103.97,51.044,45.248,105.511,131.284,163.732,155.203,0.0387,26.96,0.0111,145.723,0.0498,53.408
8,3520,4,2048,51200,256,1,1,1,38.676,154.775,138.844,128.081,208.286,143.925,162.952,137.451,0.0343,30.585,0.0106,152.849,0.0449,59.519
8,3528,4,2048,51200,256,1,1,1,33.113,131.91,70.925,50.673,147.976,132.997,154.771,138.382,0.0386,27.296,0.0114,143.06,0.05,53.719
8,3536,4,2048,51200,256,1,1,1,83.281,147.086,130.832,112.728,117.868,126.16,140.687,148.266,0.0307,34.386,0.0123,133.028,0.0431,62.614
8,3544,4,2048,51200,256,1,1,1,32.988,117.777,75.032,50.594,114.224,132.339,144.151,137.953,0.0397,26.699,0.0119,137.993,0.0517,52.396
8,3552,4,2048,51200,256,1,1,1,30.7,166.141,106.847,118.725,153.443,161.942,163.56,139.627,0.0363,29.342,0.0102,162.747,0.0465,58.516
8,3560,4,2048,51200,256,1,1,1,32.933,130.276,73.075,42.216,104.049,108.252,161.965,157.243,0.0375,28.529,0.0128,129.77,0.0503,54.299
8,3568,4,2048,51200,256,1,1,1,83.717,143.102,128.817,113.597,132.303,145.5,144.314,138.927,0.0323,33.206,0.0115,144.905,0.0439,62.537
8,3576,4,2048,51200,256,1,1,1,25.887,130.873,66.097,51.437,147.983,116.108,162.584,156.892,0.0388,27.816,0.0124,135.471,0.0511,53.866
8,3584,4,2048,51200,256,1,1,1,42.883,152.355,151.307,153.808,185.795,129.91,128.7,151.069,0.0324,33.443,0.013,129.302,0.0454,60.945
8,3592,4,2048,51200,256,1,1,1,31.667,129.062,65.789,51.963,103.468,113.751,141.687,129.882,0.0419,25.922,0.0134,126.191,0.0553,50.212
8,3600,4,2048,51200,256,1,1,1,54.004,121.672,128.152,114.969,124.748,125.187,155.371,149.57,0.0336,32.473,0.0123,138.655,0.0458,60.848
8,3608,4,2048,51200,256,1,1,1,32.609,129.86,71.98,50.316,98.654,107.309,140.146,142.454,0.0398,27.485,0.014,121.549,0.0539,51.989
8,3616,4,2048,51200,256,1,1,1,36.119,163.365,143.48,124.138,157.169,159.698,153.824,131.191,0.037,29.751,0.0109,156.706,0.0479,58.739
8,3624,4,2048,51200,256,1,1,1,26.399,131.168,74.12,51.57,142.144,115.197,158.498,148.69,0.0401,27.535,0.0129,133.422,0.053,53.314
8,3632,4,2048,51200,256,1,1,1,85.449,147.934,132.513,118.32,163.111,124.033,141.431,144.331,0.0316,35.05,0.0131,132.162,0.0447,63.471
8,3640,4,2048,51200,256,1,1,1,33.236,132.766,71.106,51.914,107.485,118.73,143.917,130.925,0.0417,26.702,0.0133,130.116,0.055,51.791
8,3648,4,2048,51200,256,1,1,1,30.048,146.323,144.062,125.206,192.489,146.616,160.077,151.386,0.0358,31.207,0.0114,153.051,0.0472,60.634
8,3656,4,2048,51200,256,1,1,1,32.998,133.131,70.742,48.907,100.971,108.934,139.753,150.0,0.0392,28.585,0.0143,122.434,0.0535,53.669
8,3664,4,2048,51200,256,1,1,1,85.478,149.077,133.021,117.312,123.124,136.472,158.175,131.589,0.0344,32.706,0.012,146.524,0.0464,62.146
8,3672,4,2048,51200,256,1,1,1,26.271,129.592,72.837,52.065,144.585,116.032,160.169,150.428,0.0406,27.864,0.0131,134.574,0.0537,53.966
8,3680,4,2048,51200,256,1,1,1,36.859,161.636,143.382,131.985,160.987,144.687,141.698,143.143,0.0356,31.904,0.0124,143.177,0.048,60.669
8,3688,4,2048,51200,256,1,1,1,31.78,129.107,68.145,52.781,106.824,116.208,141.372,132.932,0.0425,26.806,0.014,127.561,0.0565,51.746
8,3696,4,2048,51200,256,1,1,1,55.159,121.856,87.437,118.509,130.36,129.96,158.538,152.23,0.0346,33.086,0.0125,142.834,0.0471,62.3
8,3704,4,2048,51200,256,1,1,1,26.763,130.304,66.96,52.663,100.226,108.467,143.462,145.206,0.0423,27.119,0.0146,123.534,0.0569,51.795
8,3712,4,2048,51200,256,1,1,1,37.103,163.666,147.948,143.529,184.265,162.035,161.32,151.995,0.0343,33.616,0.0112,161.677,0.0454,65.094
8,3720,4,2048,51200,256,1,1,1,26.016,104.532,68.827,53.058,145.709,130.325,159.485,139.121,0.0443,26.134,0.0126,143.438,0.0569,52.203
8,3728,4,2048,51200,256,1,1,1,57.046,142.294,131.475,119.636,171.764,144.503,143.863,153.751,0.0328,35.344,0.0126,144.182,0.0455,65.577
8,3736,4,2048,51200,256,1,1,1,28.266,130.306,74.395,53.321,132.196,115.024,160.181,153.58,0.0403,28.914,0.0137,133.898,0.054,55.492
8,3744,4,2048,51200,256,1,1,1,30.311,142.892,93.721,132.569,200.153,163.452,140.423,134.585,0.0399,29.334,0.0122,151.065,0.052,57.781
8,3752,4,2048,51200,256,1,1,1,27.598,129.156,75.038,53.718,154.051,106.412,144.025,152.678,0.0406,28.915,0.0151,122.394,0.0557,54.221
8,3760,4,2048,51200,256,1,1,1,60.45,149.986,132.47,121.266,168.346,144.815,157.53,153.179,0.0328,35.977,0.0123,150.905,0.045,67.306
8,3768,4,2048,51200,256,1,1,1,26.394,105.074,51.022,43.421,154.859,132.25,146.191,136.02,0.0464,25.529,0.0134,138.871,0.0598,50.948
8,3776,4,2048,51200,256,1,1,1,37.627,143.59,95.615,137.349,193.594,162.196,144.84,154.888,0.0355,33.441,0.0122,153.028,0.0477,64.038
8,3784,4,2048,51200,256,1,1,1,31.32,130.184,69.029,53.898,156.344,122.041,157.112,155.017,0.0397,30.044,0.0137,137.374,0.0533,57.529
8,3792,4,2048,51200,256,1,1,1,87.45,121.998,87.61,116.378,126.762,124.016,167.398,154.401,0.0337,35.505,0.0132,142.478,0.0469,65.652
8,3800,4,2048,51200,256,1,1,1,28.511,131.631,52.896,54.224,155.052,132.391,137.478,155.504,0.0411,29.214,0.014,134.887,0.0552,56.097
8,3808,4,2048,51200,256,1,1,1,38.711,158.567,144.85,130.676,198.071,161.618,150.622,134.34,0.0379,31.789,0.0122,155.927,0.0501,61.978
8,3816,4,2048,51200,256,1,1,1,33.421,104.759,51.578,43.196,110.096,131.725,162.8,154.955,0.0428,28.303,0.0131,145.623,0.0559,55.824
8,3824,4,2048,51200,256,1,1,1,61.135,148.147,129.865,119.36,128.863,148.386,163.548,133.857,0.0369,32.894,0.0123,155.599,0.0493,63.581
8,3832,4,2048,51200,256,1,1,1,29.873,115.817,54.082,55.128,158.849,132.622,164.204,136.842,0.0446,27.371,0.0131,146.733,0.0577,54.518
8,3840,4,2048,51200,256,1,1,1,38.258,113.124,126.86,162.976,113.4,112.039,112.359,155.278,0.0378,32.362,0.0172,112.199,0.0551,57.344
8,3848,4,2048,51200,256,1,1,1,30.192,128.815,50.337,55.805,142.001,131.128,136.916,152.334,0.042,29.267,0.0145,133.96,0.0565,56.128
8,3856,4,2048,51200,256,1,1,1,86.555,132.562,129.702,125.03,161.493,146.808,158.617,150.982,0.0335,36.848,0.0128,152.485,0.0462,68.804
8,3864,4,2048,51200,256,1,1,1,35.622,101.527,50.764,43.589,97.499,128.695,155.226,151.758,0.0439,28.193,0.0139,140.721,0.0578,55.262
8,3872,4,2048,51200,256,1,1,1,32.994,145.234,143.968,136.715,124.294,146.209,148.508,152.939,0.038,32.681,0.0133,147.349,0.0514,62.46
8,3880,4,2048,51200,256,1,1,1,35.77,111.028,73.22,56.268,142.441,130.566,151.563,153.553,0.041,30.441,0.0141,140.283,0.055,58.517
8,3888,4,2048,51200,256,1,1,1,86.53,121.92,89.131,123.043,109.876,123.952,157.028,153.087,0.0352,35.564,0.0143,138.544,0.0495,65.32
8,3896,4,2048,51200,256,1,1,1,30.248,129.61,51.195,45.91,142.909,131.137,136.409,154.331,0.0427,29.407,0.0149,133.721,0.0576,56.354
8,3904,4,2048,51200,256,1,1,1,39.253,157.45,147.055,138.31,191.744,162.385,158.945,134.337,0.039,32.37,0.0124,160.646,0.0514,63.413
8,3912,4,2048,51200,256,1,1,1,36.003,105.092,50.875,45.054,101.575,119.519,160.418,153.002,0.0439,28.853,0.0146,136.981,0.0585,55.918
8,3920,4,2048,51200,256,1,1,1,60.622,128.551,134.531,125.677,124.942,136.145,159.134,134.043,0.0388,32.747,0.0137,146.745,0.0525,62.543
8,3928,4,2048,51200,256,1,1,1,31.957,131.576,70.363,56.595,143.982,131.772,156.026,134.394,0.0445,28.654,0.0142,142.877,0.0586,56.224
8,3936,4,2048,51200,256,1,1,1,38.624,162.282,145.734,131.886,138.073,144.191,140.609,154.666,0.0366,34.934,0.0143,142.378,0.0509,65.047
8,3944,4,2048,51200,256,1,1,1,36.148,115.353,74.612,57.199,108.914,132.263,158.951,134.698,0.0449,28.574,0.0141,144.384,0.0591,56.263
8,3952,4,2048,51200,256,1,1,1,79.781,147.785,134.158,125.818,133.677,147.966,159.799,154.474,0.0339,37.976,0.0133,153.655,0.0473,70.587
8,3960,4,2048,51200,256,1,1,1,36.274,132.517,70.128,54.474,109.262,109.467,140.359,154.738,0.0413,31.322,0.0167,123.003,0.058,57.733
8,3968,4,2048,51200,256,1,1,1,41.388,148.299,136.872,146.1,195.329,147.527,159.893,134.728,0.0396,32.812,0.0134,153.461,0.053,63.418
8,3976,4,2048,51200,256,1,1,1,36.277,133.122,59.911,57.812,113.122,132.628,159.331,154.694,0.0416,31.336,0.0143,144.758,0.0559,60.384
8,3984,4,2048,51200,256,1,1,1,58.922,148.458,133.799,128.125,171.388,122.87,141.547,138.329,0.0375,34.857,0.0158,131.549,0.0533,63.532
8,3992,4,2048,51200,256,1,1,1,36.437,132.406,65.512,58.09,152.293,130.452,157.724,135.399,0.0441,29.78,0.0146,142.797,0.0587,57.947
8,4000,4,2048,51200,256,1,1,1,41.422,164.259,133.827,132.831,196.834,159.318,161.582,148.175,0.0373,35.348,0.0131,160.442,0.0503,67.836
8,4008,4,2048,51200,256,1,1,1,28.829,132.031,74.931,58.298,149.978,108.222,141.711,139.41,0.0453,29.188,0.0172,122.723,0.0624,54.889
8,4016,4,2048,51200,256,1,1,1,89.574,142.958,135.94,129.075,172.156,124.821,159.105,145.769,0.0352,37.647,0.0151,139.893,0.0503,68.335
8,4024,4,2048,51200,256,1,1,1,29.124,106.341,70.294,52.305,142.063,116.661,160.769,149.256,0.0457,29.103,0.0157,135.208,0.0614,56.212
8,4032,4,2048,51200,256,1,1,1,39.698,126.403,122.769,140.682,179.586,152.802,124.796,157.269,0.0382,34.982,0.0155,137.386,0.0537,64.559
8,4040,4,2048,51200,256,1,1,1,36.468,129.223,69.43,58.535,115.298,117.4,142.465,136.925,0.045,29.807,0.0166,128.724,0.0616,56.494
8,4048,4,2048,51200,256,1,1,1,58.541,120.271,135.314,128.874,161.567,145.678,155.068,150.487,0.0376,35.766,0.0143,150.226,0.0519,67.285
8,4056,4,2048,51200,256,1,1,1,36.693,103.993,54.288,58.759,152.985,131.154,136.333,156.993,0.0435,31.077,0.0161,133.694,0.0596,58.856
8,4064,4,2048,51200,256,1,1,1,34.287,162.739,143.434,134.887,154.915,148.477,162.673,157.663,0.0383,35.406,0.0139,155.251,0.0522,67.409
8,4072,4,2048,51200,256,1,1,1,28.998,107.471,52.642,59.318,149.267,133.44,154.401,152.499,0.0461,29.484,0.0152,143.158,0.0613,57.633
8,4080,4,2048,51200,256,1,1,1,63.411,148.277,129.942,126.672,127.941,148.62,158.598,140.23,0.0385,35.44,0.0142,153.447,0.0527,67.263
8,4088,4,2048,51200,256,1,1,1,33.882,133.798,71.637,59.555,155.366,134.163,158.441,157.212,0.042,32.586,0.0151,145.295,0.0571,62.341
8,4096,4,2048,51200,256,1,1,1,36.235,145.924,102.441,169.093,146.109,164.254,164.173,157.354,0.0391,35.143,0.0134,164.214,0.0525,68.065
8,4104,4,2048,51200,256,1,1,1,27.163,132.501,71.836,32.129,110.443,134.338,154.016,150.815,0.0479,28.784,0.0154,143.505,0.0633,56.665
8,4112,4,2048,51200,256,1,1,1,77.799,127.168,125.073,103.238,173.191,147.984,134.041,150.386,0.0371,37.348,0.0158,140.667,0.0528,68.17
8,4120,4,2048,51200,256,1,1,1,30.004,106.159,52.248,32.019,143.892,133.219,155.596,150.801,0.0489,28.41,0.0155,143.54,0.0644,56.125
8,4128,4,2048,51200,256,1,1,1,62.146,157.934,149.453,119.983,144.177,147.07,157.719,129.774,0.0405,34.447,0.0147,152.209,0.0551,65.788
8,4136,4,2048,51200,256,1,1,1,31.163,112.7,76.156,38.265,149.642,131.434,152.993,151.924,0.0465,30.061,0.0159,141.397,0.0624,58.361
8,4144,4,2048,51200,256,1,1,1,55.827,121.471,91.027,91.13,121.815,147.001,156.614,151.052,0.0403,34.821,0.0148,151.655,0.0551,66.264
8,4152,4,2048,51200,256,1,1,1,27.023,129.66,71.451,32.254,106.793,131.349,137.782,151.847,0.0487,28.922,0.0168,134.489,0.0655,56.001
8,4160,4,2048,51200,256,1,1,1,92.186,148.04,138.693,119.961,179.972,154.785,137.945,151.097,0.0356,39.683,0.0155,145.881,0.0512,71.957
8,4168,4,2048,51200,256,1,1,1,31.314,130.152,51.523,32.353,105.823,106.693,156.87,151.412,0.0483,29.355,0.0179,127.005,0.0662,55.785
8,4176,4,2048,51200,256,1,1,1,62.833,134.809,110.832,104.554,168.702,143.439,143.271,129.912,0.0421,33.818,0.0159,143.355,0.058,63.917
8,4184,4,2048,51200,256,1,1,1,30.963,129.857,55.467,38.489,149.508,130.749,140.107,151.753,0.0469,30.436,0.017,135.266,0.0639,58.272
8,4192,4,2048,51200,256,1,1,1,88.936,142.82,94.652,116.944,144.367,144.439,157.761,153.229,0.0368,38.894,0.0153,150.806,0.0521,71.691
8,4200,4,2048,51200,256,1,1,1,31.094,113.497,57.408,38.775,146.803,107.751,156.654,130.423,0.0518,27.772,0.0181,127.68,0.0699,53.66
8,4208,4,2048,51200,256,1,1,1,79.232,146.131,135.61,103.314,126.934,146.38,146.548,131.764,0.041,35.189,0.0158,146.464,0.0568,66.206
8,4216,4,2048,51200,256,1,1,1,31.319,131.25,51.733,32.684,110.627,108.272,157.27,152.288,0.0486,29.785,0.0182,128.251,0.0668,56.572
8,4224,4,2048,51200,256,1,1,1,71.25,162.37,131.206,130.041,161.646,163.336,139.596,131.018,0.0404,35.957,0.0155,150.536,0.0559,67.778
8,4232,4,2048,51200,256,1,1,1,25.679,123.596,70.054,35.276,154.791,132.727,157.349,131.725,0.0531,27.463,0.0163,143.993,0.0694,54.843
8,4240,4,2048,51200,256,1,1,1,84.173,147.326,89.856,81.906,122.562,122.598,158.775,153.843,0.0382,38.27,0.017,138.361,0.0553,69.121
8,4248,4,2048,51200,256,1,1,1,30.25,116.094,55.787,38.766,151.812,105.896,158.355,131.426,0.0524,28.032,0.0186,126.918,0.071,53.99
8,4256,4,2048,51200,256,1,1,1,90.026,162.077,131.887,119.293,146.664,161.534,157.327,137.973,0.0388,37.912,0.0149,159.403,0.0537,71.584
8,4264,4,2048,51200,256,1,1,1,31.059,132.293,72.922,32.421,107.898,108.519,158.804,154.458,0.0483,30.618,0.0185,128.932,0.0667,57.844
8,4272,4,2048,51200,256,1,1,1,79.204,144.954,115.399,106.213,136.821,146.881,140.437,134.672,0.0412,35.993,0.0167,143.587,0.0579,66.975
8,4280,4,2048,51200,256,1,1,1,25.578,121.774,70.598,35.01,151.016,133.283,159.914,133.597,0.0536,27.745,0.0165,145.389,0.0701,55.446
8,4288,4,2048,51200,256,1,1,1,93.022,161.455,143.531,119.072,147.133,146.293,142.521,145.188,0.0377,39.571,0.0167,144.383,0.0544,71.721
8,4296,4,2048,51200,256,1,1,1,30.654,129.928,68.415,38.015,117.273,131.773,141.589,134.474,0.0517,28.992,0.0177,136.505,0.0694,56.451
8,4304,4,2048,51200,256,1,1,1,57.275,146.455,131.175,109.481,128.18,146.419,160.046,135.603,0.0427,35.218,0.0159,152.93,0.0585,67.137
8,4312,4,2048,51200,256,1,1,1,30.785,130.538,73.206,32.448,110.984,108.379,159.22,155.572,0.0488,30.88,0.0189,128.97,0.0677,58.247
8,4320,4,2048,51200,256,1,1,1,82.821,160.918,144.793,120.447,158.542,160.442,122.221,134.939,0.0402,37.646,0.0176,138.747,0.0578,68.473
8,4328,4,2048,51200,256,1,1,1,25.574,122.372,74.65,35.107,156.103,132.571,157.789,142.598,0.0524,28.976,0.017,144.085,0.0694,57.227
8,4336,4,2048,51200,256,1,1,1,81.38,146.753,135.251,92.791,127.694,124.431,161.077,156.236,0.0382,39.862,0.0176,140.402,0.0558,71.509
8,4344,4,2048,51200,256,1,1,1,30.787,130.042,54.025,38.35,154.577,105.74,159.444,134.862,0.0521,29.321,0.0195,127.154,0.0716,55.91
8,4352,4,2048,51200,256,1,1,1,108.939,134.332,151.363,148.15,105.357,134.704,121.061,136.463,0.0413,37.163,0.0195,127.518,0.0607,66.129
8,4360,4,2048,51200,256,1,1,1,30.779,129.821,51.265,33.067,105.234,108.668,156.701,153.777,0.0507,30.328,0.0194,128.337,0.0701,57.457
8,4368,4,2048,51200,256,1,1,1,62.925,134.667,107.56,104.264,162.361,145.66,141.157,133.556,0.0438,35.28,0.0174,143.373,0.0612,66.09
8,4376,4,2048,51200,256,1,1,1,30.776,130.032,56.378,39.559,144.279,130.975,139.713,140.138,0.0515,30.091,0.0186,135.203,0.07,57.955
8,4384,4,2048,51200,256,1,1,1,91.298,132.19,97.907,118.957,111.684,118.598,148.165,154.336,0.0398,39.083,0.0191,131.743,0.0589,69.176
8,4392,4,2048,51200,256,1,1,1,30.773,105.533,56.766,39.582,137.781,105.574,152.707,133.596,0.0548,28.472,0.0203,124.84,0.075,54.492
8,4400,4,2048,51200,256,1,1,1,79.962,145.673,134.428,105.514,134.1,146.458,157.737,133.506,0.0427,36.599,0.0167,151.888,0.0594,69.003
8,4408,4,2048,51200,256,1,1,1,30.839,108.003,51.612,33.432,108.031,132.307,157.966,154.325,0.0526,29.815,0.0177,144.002,0.0703,58.534
8,4416,4,2048,51200,256,1,1,1,89.931,159.725,134.427,125.433,153.47,163.674,139.806,133.767,0.0414,38.07,0.0169,150.801,0.0583,70.842
8,4424,4,2048,51200,256,1,1,1,30.624,130.481,65.508,39.76,140.729,132.027,141.157,134.112,0.053,29.793,0.0188,136.439,0.0718,57.713
8,4432,4,2048,51200,256,1,1,1,81.773,145.596,90.311,99.383,121.237,123.273,157.801,155.088,0.04,39.58,0.0186,138.416,0.0586,70.931
8,4440,4,2048,51200,256,1,1,1,30.447,112.715,57.15,39.563,145.482,109.709,157.586,134.558,0.0547,29.09,0.02,129.359,0.0746,55.927
8,4448,4,2048,51200,256,1,1,1,83.25,161.182,141.786,120.375,148.628,162.357,157.469,134.997,0.0417,38.223,0.0162,159.876,0.058,72.272
8,4456,4,2048,51200,256,1,1,1,30.556,128.754,53.348,33.725,107.968,112.121,158.172,155.359,0.0517,30.968,0.0198,131.223,0.0715,58.774
8,4464,4,2048,51200,256,1,1,1,85.465,131.71,121.085,106.474,176.088,145.015,144.211,136.332,0.0429,37.419,0.0181,144.612,0.061,69.174
8,4472,4,2048,51200,256,1,1,1,30.436,130.626,54.672,40.081,132.669,132.405,142.654,134.47,0.0542,29.696,0.0191,137.338,0.0733,57.714
8,4480,4,2048,51200,256,1,1,1,98.096,157.959,96.137,122.99,131.33,137.45,149.432,155.827,0.0387,41.738,0.0184,143.191,0.0571,74.387
8,4488,4,2048,51200,256,1,1,1,29.777,116.394,54.783,40.127,148.575,107.035,159.292,135.736,0.0551,29.434,0.0206,128.036,0.0757,56.292
8,4496,4,2048,51200,256,1,1,1,88.657,146.223,125.818,110.22,134.288,145.771,158.784,155.764,0.0394,41.234,0.0174,152.0,0.0569,75.18
8,4504,4,2048,51200,256,1,1,1,30.534,131.391,75.577,33.643,104.528,107.622,159.583,156.371,0.0513,31.794,0.0207,128.55,0.072,59.588
8,4512,4,2048,51200,256,1,1,1,82.84,161.267,146.8,119.963,154.021,162.622,141.746,138.37,0.0417,39.282,0.0176,151.468,0.0593,72.616
8,4520,4,2048,51200,256,1,1,1,25.335,131.877,52.881,39.182,115.479,134.006,147.044,143.469,0.0557,29.509,0.0191,140.223,0.0748,57.794
8,4528,4,2048,51200,256,1,1,1,87.703,145.792,136.553,109.353,121.263,125.681,142.346,148.514,0.0412,39.964,0.0201,133.495,0.0614,70.652
8,4536,4,2048,51200,256,1,1,1,30.446,117.003,71.946,36.357,113.809,134.954,141.309,136.583,0.0558,29.639,0.0195,138.058,0.0753,57.766
8,4544,4,2048,51200,256,1,1,1,59.595,145.339,148.991,123.471,193.179,162.591,160.581,141.567,0.043,38.53,0.0167,161.58,0.0598,73.004
8,4552,4,2048,51200,256,1,1,1,25.433,131.031,72.141,39.53,145.801,106.864,140.747,149.242,0.0537,30.988,0.0224,121.488,0.076,57.597
8,4560,4,2048,51200,256,1,1,1,77.081,146.826,127.486,106.129,171.954,136.503,161.084,156.943,0.0399,41.794,0.0184,147.778,0.0584,75.281
8,4568,4,2048,51200,256,1,1,1,25.121,105.405,60.668,31.654,155.578,116.099,159.33,157.265,0.0559,29.966,0.0204,134.321,0.0762,57.841
8,4576,4,2048,51200,256,1,1,1,61.455,162.792,145.64,121.707,193.392,144.928,142.818,157.44,0.0398,42.206,0.0191,143.865,0.0589,75.151
8,4584,4,2048,51200,256,1,1,1,29.34,130.8,61.993,39.883,146.484,114.922,160.201,137.56,0.055,30.619,0.0206,133.836,0.0756,58.715
8,4592,4,2048,51200,256,1,1,1,56.715,145.411,130.635,104.115,164.261,129.415,159.707,155.932,0.042,40.214,0.0193,142.974,0.0614,72.589
8,4600,4,2048,51200,256,1,1,1,29.049,130.073,67.063,33.583,104.135,107.214,161.9,158.495,0.0532,31.872,0.0215,129.001,0.0747,59.828
8,4608,4,2048,51200,256,1,1,1,96.651,148.387,156.865,144.823,132.035,149.205,121.42,137.787,0.043,39.577,0.0208,133.886,0.0638,70.323
8,4616,4,2048,51200,256,1,1,1,25.481,118.228,65.687,36.509,111.741,130.933,156.316,131.195,0.0603,28.316,0.0196,142.503,0.0799,56.341
8,4624,4,2048,51200,256,1,1,1,80.19,144.878,135.035,75.755,116.286,121.947,155.378,152.752,0.0427,40.058,0.0205,136.647,0.0632,71.385
8,4632,4,2048,51200,256,1,1,1,31.413,112.422,55.152,40.386,144.34,106.47,156.916,131.822,0.0579,29.677,0.0222,126.862,0.08,56.599
8,4640,4,2048,51200,256,1,1,1,90.581,161.651,138.61,125.835,141.896,163.529,157.998,152.615,0.0403,42.702,0.0176,160.716,0.0579,78.494
8,4648,4,2048,51200,256,1,1,1,32.005,131.351,74.954,33.813,105.369,108.095,157.298,153.106,0.0533,32.386,0.0221,128.136,0.0754,60.431
8,4656,4,2048,51200,256,1,1,1,87.918,147.255,105.324,109.472,131.209,149.178,139.489,133.025,0.0458,37.868,0.0197,144.171,0.0655,69.866
8,4664,4,2048,51200,256,1,1,1,26.708,123.261,71.622,36.598,119.997,134.845,155.939,132.069,0.0594,29.245,0.0197,144.627,0.0792,57.979
8,4672,4,2048,51200,256,1,1,1,93.097,163.061,152.996,124.497,142.063,148.262,157.527,145.701,0.0416,41.876,0.0187,152.754,0.0604,76.271
8,4680,4,2048,51200,256,1,1,1,32.352,133.671,55.87,37.245,112.932,134.048,138.023,132.981,0.0575,30.432,0.0211,136.006,0.0786,58.785
8,4688,4,2048,51200,256,1,1,1,58.69,146.825,129.591,112.999,168.012,144.827,153.239,133.9,0.0468,37.469,0.0193,148.914,0.0662,70.044
8,4696,4,2048,51200,256,1,1,1,31.965,132.586,74.018,34.49,107.088,110.108,158.026,153.865,0.0537,32.777,0.0223,129.785,0.076,61.212
8,4704,4,2048,51200,256,1,1,1,94.896,162.635,111.434,126.135,153.636,162.944,139.548,133.89,0.0445,39.67,0.0193,150.341,0.0638,73.131
8,4712,4,2048,51200,256,1,1,1,26.523,123.364,75.346,36.47,114.107,133.214,158.135,134.05,0.0599,29.582,0.0201,144.609,0.08,58.517
8,4720,4,2048,51200,256,1,1,1,84.352,146.373,137.242,80.709,119.996,123.564,158.23,155.131,0.0429,41.4,0.021,138.765,0.064,73.434
8,4728,4,2048,51200,256,1,1,1,31.384,129.192,54.651,37.292,146.469,107.38,158.56,133.828,0.0579,30.778,0.0229,128.045,0.0808,58.327
8,4736,4,2048,51200,256,1,1,1,104.086,163.655,142.442,137.908,181.257,161.833,158.976,154.481,0.0398,44.916,0.0183,160.392,0.0581,81.326
8,4744,4,2048,51200,256,1,1,1,26.164,131.935,68.737,41.262,103.965,109.023,141.19,145.2,0.0577,31.09,0.024,123.039,0.0817,58.087
8,4752,4,2048,51200,256,1,1,1,81.386,147.274,104.58,113.939,131.002,133.606,137.575,134.426,0.0469,38.389,0.0218,135.562,0.0687,69.276
8,4760,4,2048,51200,256,1,1,1,26.276,132.151,69.25,37.586,114.252,132.389,158.864,134.687,0.06,30.054,0.0206,144.423,0.0806,59.233
8,4768,4,2048,51200,256,1,1,1,88.984,164.654,147.601,129.206,142.5,146.0,142.239,148.202,0.0423,42.78,0.0207,144.095,0.063,76.043
8,4776,4,2048,51200,256,1,1,1,31.044,117.354,69.618,37.598,112.087,131.649,142.15,134.663,0.0595,30.497,0.0219,136.698,0.0814,59.032
8,4784,4,2048,51200,256,1,1,1,59.087,145.67,129.205,111.892,158.308,127.694,159.276,155.408,0.044,41.362,0.0212,141.747,0.0652,73.952
8,4792,4,2048,51200,256,1,1,1,26.843,131.257,69.933,35.861,108.187,109.736,159.155,155.673,0.0567,32.235,0.0232,129.904,0.0798,60.582
8,4800,4,2048,51200,256,1,1,1,88.724,155.783,151.55,129.662,152.725,156.231,114.92,135.715,0.0453,40.402,0.0228,132.428,0.0681,71.196
8,4808,4,2048,51200,256,1,1,1,26.543,131.14,51.103,37.449,113.966,131.894,157.994,136.454,0.0612,30.043,0.0211,143.769,0.0822,59.187
8,4816,4,2048,51200,256,1,1,1,90.813,147.029,138.506,115.335,122.699,124.154,158.819,147.096,0.0444,41.475,0.0218,139.363,0.0663,73.703
8,4824,4,2048,51200,256,1,1,1,32.229,132.132,55.63,37.797,113.951,133.085,140.146,135.427,0.0591,31.272,0.0223,136.524,0.0815,60.138
8,4832,4,2048,51200,256,1,1,1,62.596,162.114,135.56,126.073,190.48,147.632,159.655,156.463,0.0427,43.474,0.0199,153.408,0.0626,78.504
8,4840,4,2048,51200,256,1,1,1,26.822,131.859,75.982,35.965,109.575,109.747,159.258,156.725,0.0569,32.687,0.0236,129.946,0.0805,61.224
8,4848,4,2048,51200,256,1,1,1,82.803,137.529,134.716,111.599,135.006,147.955,141.548,136.03,0.0477,39.077,0.0213,144.68,0.069,71.648
8,4856,4,2048,51200,256,1,1,1,26.644,131.927,52.12,38.162,115.187,133.211,158.537,136.274,0.0617,30.349,0.0213,144.775,0.083,59.778
8,4864,4,2048,51200,256,1,1,1,115.177,163.265,161.978,152.583,144.007,146.804,143.359,147.196,0.0424,44.219,0.0214,145.061,0.0638,77.996
8,4872,4,2048,51200,256,1,1,1,32.413,116.395,72.249,38.401,111.946,133.299,136.625,133.689,0.0607,31.027,0.0231,134.942,0.0837,59.64
8,4880,4,2048,51200,256,1,1,1,59.782,146.519,134.841,111.177,162.687,134.182,156.204,145.361,0.0467,40.42,0.0216,144.358,0.0683,73.307
8,4888,4,2048,51200,256,1,1,1,26.59,123.764,76.344,42.836,129.693,107.932,137.237,145.86,0.0589,32.136,0.0259,120.833,0.0848,59.228
8,4896,4,2048,51200,256,1,1,1,82.378,162.268,152.946,129.97,180.576,156.662,146.445,155.353,0.0422,45.013,0.0208,151.381,0.063,80.081
8,4904,4,2048,51200,256,1,1,1,26.723,107.186,55.543,33.65,147.563,115.352,156.289,154.979,0.0604,31.537,0.0237,132.736,0.0842,60.094
8,4912,4,2048,51200,256,1,1,1,60.509,147.7,138.355,119.206,153.738,124.283,137.997,148.117,0.0464,41.146,0.0242,130.781,0.0706,71.837
8,4920,4,2048,51200,256,1,1,1,32.634,132.335,72.555,43.135,111.959,132.074,138.271,135.058,0.0593,32.313,0.0235,135.101,0.0828,61.468
8,4928,4,2048,51200,256,1,1,1,64.3,141.17,151.775,136.114,182.077,158.67,156.07,136.87,0.0483,39.805,0.0202,157.36,0.0685,74.509
8,4936,4,2048,51200,256,1,1,1,27.185,111.155,72.562,43.543,135.979,108.347,137.992,146.41,0.0603,31.994,0.0263,121.386,0.0866,59.16
8,4944,4,2048,51200,256,1,1,1,84.764,148.362,137.831,119.485,159.182,135.519,156.938,154.95,0.0439,44.062,0.022,145.444,0.0659,77.943
8,4952,4,2048,51200,256,1,1,1,26.833,106.417,76.92,43.486,140.577,128.222,152.925,155.652,0.0592,32.739,0.023,139.488,0.0823,62.634
8,4960,4,2048,51200,256,1,1,1,64.21,160.501,151.146,131.778,189.158,143.693,138.929,149.061,0.0451,43.105,0.0228,141.271,0.068,76.08
8,4968,4,2048,51200,256,1,1,1,32.754,130.824,56.955,43.179,112.486,117.286,137.843,135.868,0.0605,32.242,0.0255,126.736,0.086,60.278
8,4976,4,2048,51200,256,1,1,1,61.218,120.909,138.968,113.222,160.565,126.213,157.458,138.066,0.051,38.398,0.0232,140.115,0.0741,70.185
8,4984,4,2048,51200,256,1,1,1,27.242,116.286,72.674,44.254,137.697,109.073,138.638,148.583,0.06,32.733,0.0267,122.091,0.0866,60.244
8,4992,4,2048,51200,256,1,1,1,105.675,162.529,155.528,144.759,187.138,160.435,159.267,156.814,0.0418,47.055,0.0204,159.849,0.0623,84.074
8,5000,4,2048,51200,256,1,1,1,26.915,107.206,52.104,34.192,146.772,115.474,158.151,156.246,0.0617,31.998,0.0245,133.484,0.0862,60.886
8,5008,4,2048,51200,256,1,1,1,61.212,146.101,137.729,121.126,146.585,121.694,138.657,148.434,0.0476,41.555,0.0254,129.623,0.073,72.15
8,5016,4,2048,51200,256,1,1,1,32.677,131.372,74.654,44.451,111.876,130.208,136.35,136.009,0.0604,32.885,0.0248,133.208,0.0851,62.059
8,5024,4,2048,51200,256,1,1,1,62.607,144.864,151.413,129.695,191.238,161.039,157.181,145.544,0.0475,41.939,0.0208,159.087,0.0683,77.62
8,5032,4,2048,51200,256,1,1,1,32.65,109.144,76.843,44.683,147.067,107.507,139.148,150.927,0.0585,34.133,0.0274,121.298,0.0859,61.906
8,5040,4,2048,51200,256,1,1,1,85.759,145.77,139.23,117.011,135.585,135.234,153.337,157.867,0.045,44.49,0.0232,143.717,0.0682,78.203
8,5048,4,2048,51200,256,1,1,1,27.115,108.059,52.469,44.62,121.421,114.122,159.001,157.462,0.0614,32.695,0.0251,132.875,0.0866,61.781
8,5056,4,2048,51200,256,1,1,1,64.905,145.904,154.825,135.223,184.671,163.248,140.468,157.967,0.0453,44.466,0.0222,151.004,0.0675,79.49
8,5064,4,2048,51200,256,1,1,1,28.256,130.863,71.261,39.006,139.142,114.51,159.037,157.903,0.0583,34.643,0.0252,133.149,0.0836,64.4
8,5072,4,2048,51200,256,1,1,1,61.74,121.657,95.639,89.119,159.319,145.28,142.394,140.662,0.0525,38.604,0.0234,143.823,0.0759,71.091
8,5080,4,2048,51200,256,1,1,1,32.714,107.643,55.173,44.807,139.501,122.277,140.917,158.187,0.0591,34.404,0.0258,130.937,0.0849,63.776
8,5088,4,2048,51200,256,1,1,1,67.796,164.06,151.518,131.206,187.705,161.795,152.273,138.13,0.0484,42.126,0.0216,156.89,0.07,77.581
8,5096,4,2048,51200,256,1,1,1,32.803,108.99,53.715,37.905,108.674,123.923,142.664,140.216,0.0642,31.82,0.0257,132.635,0.0899,60.6
8,5104,4,2048,51200,256,1,1,1,90.996,147.978,88.181,93.641,123.006,148.186,142.376,158.835,0.0466,43.974,0.0235,145.223,0.0701,77.921
8,5112,4,2048,51200,256,1,1,1,31.544,115.833,59.134,45.538,142.917,132.32,152.768,158.715,0.0586,35.052,0.0242,141.811,0.0828,66.195
8,5120,4,2048,51200,256,1,1,1,116.713,134.589,112.841,157.308,127.602,134.248,156.658,157.305,0.0458,45.011,0.0238,144.59,0.0696,79.028
8,5128,4,2048,51200,256,1,1,1,28.497,130.277,72.491,37.857,108.181,132.534,137.396,152.22,0.0612,33.806,0.0255,134.921,0.0867,63.598
8,5136,4,2048,51200,256,1,1,1,87.379,133.71,113.909,123.51,156.071,147.552,157.086,132.306,0.0519,39.964,0.0227,152.17,0.0746,74.137
8,5144,4,2048,51200,256,1,1,1,32.716,131.336,53.494,38.449,107.553,112.402,153.218,150.726,0.0608,34.183,0.0267,129.674,0.0876,63.346
8,5152,4,2048,51200,256,1,1,1,70.438,161.682,154.422,118.881,141.427,148.936,156.489,132.049,0.0514,40.605,0.0228,152.619,0.0742,75.041
8,5160,4,2048,51200,256,1,1,1,30.043,111.09,57.636,46.036,130.607,128.875,147.265,131.086,0.0664,31.479,0.0254,137.458,0.0918,60.782
8,5168,4,2048,51200,256,1,1,1,87.938,123.359,94.546,97.417,116.983,121.892,154.09,152.383,0.0504,41.619,0.0257,136.113,0.0761,73.55
8,5176,4,2048,51200,256,1,1,1,28.307,130.64,72.36,38.51,108.181,132.031,137.647,154.082,0.0615,34.198,0.0261,134.781,0.0876,64.13
8,5184,4,2048,51200,256,1,1,1,94.125,149.408,139.09,138.541,174.628,158.536,153.401,131.993,0.0505,41.756,0.0226,155.926,0.0731,77.037
8,5192,4,2048,51200,256,1,1,1,32.869,131.406,52.719,38.796,108.287,110.875,152.109,153.148,0.061,34.675,0.0275,128.26,0.0885,63.791
8,5200,4,2048,51200,256,1,1,1,65.465,146.575,140.206,111.246,120.015,145.969,154.444,153.862,0.0493,43.065,0.0236,150.087,0.0729,77.748
8,5208,4,2048,51200,256,1,1,1,32.547,113.398,77.124,46.201,133.392,130.44,149.955,132.12,0.0649,32.753,0.0255,139.518,0.0904,62.84
8,5216,4,2048,51200,256,1,1,1,90.423,162.084,97.476,130.678,140.462,145.355,157.763,154.449,0.0468,45.617,0.0236,151.305,0.0703,81.036
8,5224,4,2048,51200,256,1,1,1,32.329,113.073,76.533,46.515,106.059,110.332,157.808,154.166,0.0614,34.834,0.0275,129.867,0.089,64.261
8,5232,4,2048,51200,256,1,1,1,89.866,146.683,109.805,120.538,132.396,148.085,155.309,154.441,0.0479,44.745,0.0237,151.611,0.0716,80.063
8,5240,4,2048,51200,256,1,1,1,27.352,132.106,71.713,38.324,107.399,109.309,157.555,154.189,0.0628,34.248,0.0279,129.071,0.0907,63.402
8,5248,4,2048,51200,256,1,1,1,109.269,148.488,148.627,150.312,185.732,152.411,159.351,134.33,0.0499,43.231,0.0232,155.804,0.0731,78.928
8,5256,4,2048,51200,256,1,1,1,30.115,132.272,54.755,40.947,134.376,133.36,157.625,134.728,0.0656,32.975,0.0251,144.481,0.0907,63.799
8,5264,4,2048,51200,256,1,1,1,63.761,147.519,139.439,122.483,122.139,124.244,157.969,154.946,0.0497,43.649,0.0261,139.091,0.0758,76.523
8,5272,4,2048,51200,256,1,1,1,32.507,113.671,57.367,46.975,133.849,109.956,159.147,135.123,0.0659,33.018,0.028,130.056,0.0939,61.967
8,5280,4,2048,51200,256,1,1,1,93.022,163.795,152.984,134.189,157.734,161.48,154.39,145.959,0.0479,45.545,0.0231,157.856,0.071,82.14
8,5288,4,2048,51200,256,1,1,1,27.111,132.98,77.864,47.072,105.092,109.469,157.879,155.68,0.0623,35.097,0.0283,129.291,0.0907,64.545
8,5296,4,2048,51200,256,1,1,1,94.459,125.518,132.283,122.097,151.767,126.103,159.068,135.035,0.0535,41.022,0.0261,140.68,0.0796,73.737
8,5304,4,2048,51200,256,1,1,1,32.746,131.425,73.022,40.951,113.599,133.58,151.897,155.98,0.0608,36.204,0.0259,142.151,0.0867,67.903
8,5312,4,2048,51200,256,1,1,1,68.089,162.44,154.949,141.385,179.519,146.552,140.926,137.75,0.0511,43.158,0.0257,143.684,0.0768,76.829
8,5320,4,2048,51200,256,1,1,1,32.682,130.87,71.003,41.119,114.507,132.788,138.367,135.38,0.0654,33.808,0.0274,135.52,0.0928,63.811
8,5328,4,2048,51200,256,1,1,1,64.154,146.327,133.492,123.739,151.198,134.902,157.483,146.679,0.0514,43.117,0.0256,145.321,0.077,77.083
8,5336,4,2048,51200,256,1,1,1,30.109,108.297,77.597,47.217,136.702,107.934,140.243,156.363,0.063,35.329,0.0306,121.985,0.0935,63.669
8,5344,4,2048,51200,256,1,1,1,99.766,162.769,101.648,135.087,146.116,163.726,140.834,135.832,0.0515,43.292,0.0247,151.419,0.0762,78.354
8,5352,4,2048,51200,256,1,1,1,27.079,130.251,65.047,47.801,112.104,131.059,158.807,147.197,0.0653,34.26,0.0261,143.605,0.0914,65.529
8,5360,4,2048,51200,256,1,1,1,64.896,124.494,131.567,127.83,157.961,125.189,140.821,156.515,0.0514,43.657,0.0284,132.546,0.0798,75.312
8,5368,4,2048,51200,256,1,1,1,32.263,128.79,71.094,41.898,114.433,131.799,140.474,136.648,0.0661,34.033,0.0278,135.998,0.0938,64.207
8,5376,4,2048,51200,256,1,1,1,79.007,132.212,165.695,164.949,173.828,156.193,153.484,149.27,0.0504,44.713,0.0245,154.827,0.0749,80.685
8,5384,4,2048,51200,256,1,1,1,34.092,105.14,51.695,40.395,131.23,132.135,137.673,137.965,0.0685,33.021,0.0282,134.847,0.0966,62.707
8,5392,4,2048,51200,256,1,1,1,94.535,146.125,133.876,128.524,145.706,126.44,157.836,154.486,0.0489,46.351,0.0271,140.404,0.0761,79.915
8,5400,4,2048,51200,256,1,1,1,28.082,107.988,74.064,44.496,139.795,114.985,156.193,144.746,0.0674,33.726,0.0289,132.458,0.0963,63.321
8,5408,4,2048,51200,256,1,1,1,92.302,145.258,97.946,127.618,139.893,162.404,138.255,155.591,0.0497,45.881,0.0257,149.359,0.0754,81.128
8,5416,4,2048,51200,256,1,1,1,29.94,131.921,77.039,46.999,132.179,115.759,156.469,155.396,0.0622,36.769,0.0289,133.071,0.0911,67.325
8,5424,4,2048,51200,256,1,1,1,64.756,123.861,93.808,107.056,148.515,148.519,150.339,155.223,0.0535,42.847,0.0258,149.424,0.0793,77.53
8,5432,4,2048,51200,256,1,1,1,30.023,132.982,72.862,38.908,107.496,134.103,137.104,155.264,0.0641,35.866,0.0285,135.587,0.0926,66.583
8,5440,4,2048,51200,256,1,1,1,69.56,145.279,153.062,144.325,173.586,161.639,115.883,156.159,0.0497,46.337,0.0287,134.989,0.0785,78.801
8,5448,4,2048,51200,256,1,1,1,28.543,106.874,52.47,39.439,132.914,133.292,148.927,153.865,0.0679,34.012,0.0277,140.676,0.0956,64.869
8,5456,4,2048,51200,256,1,1,1,71.626,137.71,140.7,129.209,121.661,125.003,158.005,135.71,0.0562,41.236,0.028,139.58,0.0841,73.908
8,5464,4,2048,51200,256,1,1,1,31.385,113.954,78.147,48.144,134.348,133.774,143.348,156.507,0.0636,36.505,0.0283,138.396,0.0919,67.848
8,5472,4,2048,51200,256,1,1,1,91.307,143.729,103.442,104.234,141.604,145.861,155.159,156.928,0.0505,46.118,0.0261,150.366,0.0766,81.633
8,5480,4,2048,51200,256,1,1,1,35.028,113.887,58.209,48.438,132.387,109.744,156.296,135.35,0.0681,34.303,0.0305,128.947,0.0986,63.597
8,5488,4,2048,51200,256,1,1,1,76.243,126.18,127.328,121.977,155.649,148.079,138.899,135.394,0.0567,41.314,0.0275,143.342,0.0842,74.673
8,5496,4,2048,51200,256,1,1,1,34.792,106.884,51.76,39.836,105.476,134.569,157.366,156.456,0.0668,35.133,0.0273,145.078,0.0941,67.007
8,5504,4,2048,51200,256,1,1,1,108.824,159.822,122.906,149.93,158.295,163.791,138.22,135.829,0.0526,44.79,0.0265,149.923,0.0791,80.01
8,5512,4,2048,51200,256,1,1,1,28.925,132.69,71.052,42.677,113.557,133.549,156.989,135.841,0.0694,34.02,0.0276,144.323,0.097,65.399
8,5520,4,2048,51200,256,1,1,1,96.408,148.003,140.621,89.461,122.094,124.408,157.764,149.864,0.0523,45.233,0.0287,139.114,0.081,78.489
8,5528,4,2048,51200,256,1,1,1,34.172,131.356,54.839,42.735,111.446,131.431,137.981,136.725,0.0684,34.691,0.0298,134.627,0.0982,64.977
8,5536,4,2048,51200,256,1,1,1,66.247,163.751,116.685,139.676,146.618,149.054,152.178,158.116,0.0505,47.106,0.0267,150.6,0.0772,82.865
8,5544,4,2048,51200,256,1,1,1,28.069,132.159,74.052,40.942,106.503,108.136,158.669,157.239,0.066,36.131,0.0313,128.617,0.0974,65.883
8,5552,4,2048,51200,256,1,1,1,91.228,135.769,141.346,126.404,133.985,136.789,142.022,137.896,0.0556,43.051,0.029,139.356,0.0846,76.065
8,5560,4,2048,51200,256,1,1,1,28.46,130.892,60.835,48.985,134.291,115.682,153.569,158.233,0.0648,36.999,0.0307,131.96,0.0955,67.516
8,5568,4,2048,51200,256,1,1,1,75.118,160.958,117.374,143.021,169.734,164.803,140.124,157.945,0.0499,48.201,0.0268,151.465,0.0767,84.306
8,5576,4,2048,51200,256,1,1,1,29.999,131.97,72.305,49.258,117.143,117.054,159.087,157.94,0.0644,37.449,0.0302,134.872,0.0946,68.56
8,5584,4,2048,51200,256,1,1,1,65.066,120.327,94.244,90.237,121.651,141.968,142.769,140.269,0.0602,40.2,0.0287,142.367,0.0889,73.206
8,5592,4,2048,51200,256,1,1,1,34.957,105.795,53.963,49.244,133.885,130.692,139.169,158.714,0.0659,36.774,0.0304,134.798,0.0963,67.712
8,5600,4,2048,51200,256,1,1,1,72.047,161.483,154.329,138.524,184.006,160.863,155.074,136.7,0.0545,44.612,0.026,157.916,0.0805,81.238
8,5608,4,2048,51200,256,1,1,1,34.993,106.104,54.465,40.033,107.621,133.301,158.345,158.545,0.0679,35.877,0.0285,144.748,0.0964,68.033
8,5616,4,2048,51200,256,1,1,1,77.668,144.759,111.968,123.132,160.779,140.211,156.19,137.578,0.0562,43.46,0.028,147.769,0.0842,78.114
8,5624,4,2048,51200,256,1,1,1,28.354,132.58,62.892,48.666,116.909,133.494,158.814,153.805,0.067,36.56,0.0286,145.057,0.0956,68.995
8,5632,4,2048,51200,256,1,1,1,91.437,145.749,107.177,167.725,171.86,163.13,143.521,157.036,0.0508,48.333,0.0272,152.699,0.0781,84.737
8,5640,4,2048,51200,256,1,1,1,34.818,129.17,73.592,47.975,110.78,132.603,136.713,131.465,0.0702,35.096,0.031,134.627,0.1012,65.569
8,5648,4,2048,51200,256,1,1,1,66.015,142.318,139.46,124.573,158.323,140.902,156.255,147.767,0.055,44.9,0.0282,148.182,0.0832,79.918
8,5656,4,2048,51200,256,1,1,1,34.778,106.517,55.462,41.201,131.404,132.477,137.117,150.918,0.0691,35.817,0.0311,134.757,0.1002,66.527
8,5664,4,2048,51200,256,1,1,1,75.412,161.307,156.819,144.689,169.269,163.351,154.335,136.852,0.0552,45.002,0.0265,158.715,0.0817,81.895
8,5672,4,2048,51200,256,1,1,1,34.681,107.529,55.169,41.253,113.954,133.063,150.112,153.092,0.0694,35.84,0.0299,141.074,0.0993,67.504
8,5680,4,2048,51200,256,1,1,1,73.383,137.534,142.499,131.397,147.224,124.804,157.673,133.146,0.0589,42.377,0.0304,139.326,0.0892,75.35
8,5688,4,2048,51200,256,1,1,1,34.972,114.23,73.163,50.72,134.479,117.88,155.201,154.405,0.0661,37.88,0.0316,133.99,0.0977,69.013
8,5696,4,2048,51200,256,1,1,1,71.453,147.561,104.438,136.114,143.081,164.464,156.601,154.343,0.0541,46.399,0.0265,160.436,0.0806,83.915
8,5704,4,2048,51200,256,1,1,1,30.641,116.818,73.94,51.038,104.182,110.205,155.989,145.6,0.0705,35.674,0.033,129.16,0.1035,65.492
8,5712,4,2048,51200,256,1,1,1,92.155,127.885,126.423,128.447,138.055,145.412,134.359,133.192,0.0596,42.34,0.0306,139.667,0.0902,75.388
8,5720,4,2048,51200,256,1,1,1,34.942,105.663,55.172,41.475,107.275,132.247,149.526,154.031,0.0705,35.88,0.0306,140.357,0.101,67.481
8,5728,4,2048,51200,256,1,1,1,96.545,157.732,121.529,141.552,164.742,145.883,156.45,134.264,0.0562,45.104,0.0285,150.982,0.0847,80.718
8,5736,4,2048,51200,256,1,1,1,34.471,113.812,56.016,51.431,131.24,132.077,139.01,134.116,0.0725,35.032,0.0318,135.455,0.1044,65.663
8,5744,4,2048,51200,256,1,1,1,90.779,124.437,96.779,94.616,121.88,127.445,157.26,156.155,0.0566,45.014,0.0307,140.791,0.0873,78.707
8,5752,4,2048,51200,256,1,1,1,34.892,114.462,56.487,51.842,132.613,109.611,156.668,135.156,0.0722,35.379,0.0336,128.981,0.1058,65.119
8,5760,4,2048,51200,256,1,1,1,103.64,145.729,110.637,155.435,124.466,147.166,105.068,135.215,0.058,44.144,0.0355,122.604,0.0935,73.914
8,5768,4,2048,51200,256,1,1,1,34.847,107.132,52.823,41.873,108.588,132.644,157.47,156.042,0.0707,36.322,0.0303,143.995,0.101,68.616
8,5776,4,2048,51200,256,1,1,1,90.735,134.59,111.188,127.645,148.186,125.878,158.661,135.37,0.0592,43.481,0.0311,140.381,0.0903,76.89
8,5784,4,2048,51200,256,1,1,1,34.516,112.886,57.763,51.876,132.427,131.295,140.248,134.771,0.0731,35.325,0.0323,135.624,0.1054,66.096
8,5792,4,2048,51200,256,1,1,1,94.632,147.976,103.588,131.266,143.503,146.644,159.375,157.131,0.0534,48.488,0.0288,152.745,0.0821,85.024
8,5800,4,2048,51200,256,1,1,1,34.94,110.819,58.517,51.67,128.916,107.513,152.628,135.335,0.0734,35.349,0.035,126.158,0.1083,64.647
8,5808,4,2048,51200,256,1,1,1,93.92,143.504,143.083,127.519,120.485,145.253,154.882,135.381,0.0592,43.95,0.0295,149.913,0.0887,79.198
8,5816,4,2048,51200,256,1,1,1,35.026,131.167,52.756,41.565,107.266,111.597,157.555,156.706,0.0685,38.053,0.0339,130.653,0.1024,68.725
8,5824,4,2048,51200,256,1,1,1,78.096,155.922,120.339,144.504,155.374,162.69,138.634,135.954,0.0582,44.921,0.0297,149.702,0.0879,80.329
8,5832,4,2048,51200,256,1,1,1,28.409,121.563,72.805,43.971,113.768,132.502,156.422,136.359,0.0754,34.734,0.0311,143.472,0.1065,66.455
8,5840,4,2048,51200,256,1,1,1,67.275,146.849,143.858,94.338,123.054,123.835,158.31,156.961,0.0564,46.552,0.0322,138.967,0.0886,80.105
8,5848,4,2048,51200,256,1,1,1,34.853,130.114,58.119,44.505,111.575,130.853,137.96,135.93,0.0731,36.041,0.0334,134.312,0.1065,66.851
8,5856,4,2048,51200,256,1,1,1,68.716,162.483,141.4,144.989,166.303,146.425,158.344,157.523,0.0534,49.445,0.0295,152.151,0.0829,86.026
8,5864,4,2048,51200,256,1,1,1,28.713,131.757,76.696,52.448,104.212,107.373,158.346,149.333,0.0712,37.18,0.0352,127.971,0.1064,67.228
8,5872,4,2048,51200,256,1,1,1,91.933,135.357,138.54,131.547,132.697,135.357,138.738,149.471,0.0569,46.607,0.033,137.027,0.0899,79.772
8,5880,4,2048,51200,256,1,1,1,28.543,132.234,50.896,52.777,114.502,133.552,159.378,157.905,0.0705,37.75,0.0312,145.327,0.1017,70.749
8,5888,4,2048,51200,256,1,1,1,83.672,161.674,166.798,174.543,167.681,147.196,141.064,148.731,0.0542,49.232,0.0315,144.065,0.0857,84.128
8,5896,4,2048,51200,256,1,1,1,34.785,132.043,55.191,53.013,111.543,116.982,134.704,136.244,0.073,36.609,0.0364,125.219,0.1094,66.074
8,5904,4,2048,51200,256,1,1,1,67.209,123.686,137.443,137.257,158.808,137.453,155.934,139.117,0.0618,43.356,0.0313,146.111,0.0931,77.869
8,5912,4,2048,51200,256,1,1,1,34.879,111.058,55.162,53.166,130.595,108.02,137.805,145.582,0.0726,37.005,0.0378,121.108,0.1104,65.809
8,5920,4,2048,51200,256,1,1,1,76.087,163.64,157.468,149.44,156.396,160.639,151.033,136.363,0.0584,46.109,0.0295,155.688,0.0879,82.877
8,5928,4,2048,51200,256,1,1,1,34.766,106.561,54.271,42.589,130.938,131.874,157.536,133.397,0.0777,34.777,0.0321,143.568,0.1097,66.58
8,5936,4,2048,51200,256,1,1,1,92.108,123.078,96.973,94.068,149.521,148.092,137.393,155.417,0.0585,46.308,0.0324,142.542,0.0909,80.622
8,5944,4,2048,51200,256,1,1,1,29.974,131.677,71.588,53.462,113.111,114.309,156.91,155.85,0.0701,38.708,0.035,132.264,0.1051,69.864
8,5952,4,2048,51200,256,1,1,1,72.017,145.69,103.746,126.061,141.991,163.366,139.658,140.094,0.0607,44.803,0.0308,150.585,0.0916,80.424
8,5960,4,2048,51200,256,1,1,1,30.269,132.923,53.103,43.144,107.099,132.838,137.229,156.115,0.0722,37.778,0.0345,134.998,0.1067,69.203
8,5968,4,2048,51200,256,1,1,1,73.19,135.118,138.296,136.167,147.605,147.397,148.596,134.938,0.0624,43.824,0.0315,147.994,0.0939,78.802
8,5976,4,2048,51200,256,1,1,1,34.44,105.754,53.389,42.907,106.018,122.682,139.706,137.937,0.0785,34.908,0.0358,130.642,0.1144,64.901
8,5984,4,2048,51200,256,1,1,1,75.149,163.252,106.892,110.271,148.491,161.778,122.884,157.454,0.0557,49.38,0.0336,139.674,0.0893,83.373
8,5992,4,2048,51200,256,1,1,1,34.964,113.208,63.832,53.807,133.353,132.699,148.529,138.995,0.0745,36.957,0.0336,140.168,0.1081,69.005
8,6000,4,2048,51200,256,1,1,1,92.76,124.521,94.587,93.532,121.641,125.389,158.609,156.414,0.0599,46.141,0.0337,140.056,0.0936,79.963
8,6008,4,2048,51200,256,1,1,1,30.223,131.378,72.472,43.406,107.533,132.465,137.585,157.102,0.0719,38.535,0.0351,134.977,0.1069,70.157
8,6016,4,2048,51200,256,1,1,1,109.14,158.913,145.779,153.052,166.575,164.476,159.258,155.728,0.0536,51.819,0.0293,161.825,0.0829,90.729
8,6024,4,2048,51200,256,1,1,1,28.91,132.237,72.381,43.345,107.055,108.543,158.202,154.978,0.0731,38.07,0.0369,128.75,0.11,68.516
8,6032,4,2048,51200,256,1,1,1,98.104,126.677,106.975,139.183,147.612,129.292,159.183,136.603,0.0627,44.508,0.0334,142.689,0.0961,78.657
8,6040,4,2048,51200,256,1,1,1,32.527,133.221,57.602,45.395,112.701,132.699,157.683,157.637,0.0713,39.19,0.0332,144.116,0.1045,72.496
8,6048,4,2048,51200,256,1,1,1,69.249,146.323,155.103,143.98,164.368,142.474,135.862,139.968,0.0608,46.134,0.0345,139.089,0.0952,79.781
8,6056,4,2048,51200,256,1,1,1,30.705,113.71,58.415,45.347,132.209,108.182,157.664,136.504,0.0788,35.655,0.0375,128.318,0.1163,65.51
8,6064,4,2048,51200,256,1,1,1,92.811,146.823,136.997,138.147,132.736,137.078,158.752,148.111,0.0585,48.121,0.0328,147.121,0.0913,83.646
8,6072,4,2048,51200,256,1,1,1,32.166,107.249,73.863,53.889,131.921,108.771,157.994,157.407,0.073,38.659,0.0375,128.841,0.1106,69.256
8,6080,4,2048,51200,256,1,1,1,90.695,163.325,108.364,143.958,146.603,164.055,140.691,138.491,0.0599,47.27,0.032,151.478,0.0919,83.553
8,6088,4,2048,51200,256,1,1,1,28.948,132.135,64.531,54.029,130.966,116.565,159.034,148.108,0.074,38.363,0.0361,134.527,0.1101,69.911
8,6096,4,2048,51200,256,1,1,1,92.799,123.026,94.537,93.035,149.336,147.803,140.053,149.065,0.062,45.879,0.0339,143.824,0.0959,80.48
8,6104,4,2048,51200,256,1,1,1,34.874,130.153,78.628,53.82,114.459,116.751,145.89,138.886,0.0744,38.311,0.0377,129.704,0.1121,69.013
8,6112,4,2048,51200,256,1,1,1,69.101,146.529,102.085,145.984,169.652,163.763,154.066,156.777,0.0582,49.12,0.0308,158.767,0.089,87.101
8,6120,4,2048,51200,256,1,1,1,30.387,132.261,77.984,43.994,108.22,133.553,139.15,158.553,0.0728,39.367,0.036,136.294,0.1088,71.454
8,6128,4,2048,51200,256,1,1,1,71.905,147.354,141.332,139.526,150.819,145.548,143.988,159.151,0.0576,49.906,0.034,144.764,0.0916,85.134
8,6136,4,2048,51200,256,1,1,1,31.899,108.033,53.086,44.317,133.947,134.441,151.639,157.992,0.0757,38.011,0.0346,142.523,0.1104,70.798
8,6144,4,2048,51200,256,1,1,1,93.907,157.572,138.868,180.19,163.892,143.02,161.093,139.039,0.0596,48.397,0.0327,151.519,0.0923,84.884
8,6152,4,2048,51200,256,1,1,1,27.017,113.882,56.899,40.285,128.682,133.215,138.956,149.598,0.0797,36.308,0.0365,136.025,0.1162,67.617
8,6160,4,2048,51200,256,1,1,1,86.2,123.597,93.5,77.322,119.513,147.536,150.99,150.188,0.0644,45.05,0.0333,149.243,0.0977,80.589
8,6168,4,2048,51200,256,1,1,1,31.533,117.065,59.266,40.205,125.32,109.914,153.937,144.444,0.0785,37.018,0.0389,128.253,0.1174,67.229
8,6176,4,2048,51200,256,1,1,1,90.01,148.369,136.888,121.627,162.696,149.659,139.474,127.99,0.0648,44.988,0.0346,144.387,0.0994,79.612
8,6184,4,2048,51200,256,1,1,1,32.97,108.027,55.212,33.836,105.888,133.22,146.036,148.69,0.0807,36.206,0.036,139.334,0.1167,68.008
8,6192,4,2048,51200,256,1,1,1,70.206,135.376,113.901,116.353,146.235,123.55,155.665,129.236,0.0679,43.102,0.0365,137.76,0.1044,76.173
8,6200,4,2048,51200,256,1,1,1,32.996,114.803,73.208,40.18,107.006,114.648,155.733,153.947,0.0768,38.241,0.0381,132.069,0.1149,69.393
8,6208,4,2048,51200,256,1,1,1,68.125,147.001,104.427,86.065,140.656,163.758,147.959,151.808,0.0622,47.297,0.0325,155.458,0.0947,84.408
8,6216,4,2048,51200,256,1,1,1,28.736,115.225,73.876,40.257,105.54,124.924,137.055,147.417,0.0804,36.696,0.0387,130.709,0.1191,67.276
8,6224,4,2048,51200,256,1,1,1,85.16,126.653,141.757,116.277,132.691,147.17,139.063,133.889,0.067,44.135,0.0355,143.002,0.1025,78.385
8,6232,4,2048,51200,256,1,1,1,32.625,106.225,53.944,33.706,130.711,132.777,149.123,150.166,0.0806,36.79,0.0362,140.476,0.1168,68.962
8,6240,4,2048,51200,256,1,1,1,70.88,157.606,122.307,126.217,161.945,144.936,150.715,129.926,0.0656,45.249,0.0345,147.769,0.1002,80.591
8,6248,4,2048,51200,256,1,1,1,33.04,112.856,77.767,40.487,131.42,131.958,141.427,148.829,0.0776,38.347,0.0375,136.528,0.1151,70.308
8,6256,4,2048,51200,256,1,1,1,87.443,122.271,96.075,77.365,120.86,147.611,149.231,152.294,0.0652,45.78,0.0346,148.417,0.0998,81.34
8,6264,4,2048,51200,256,1,1,1,31.088,113.62,72.142,40.783,103.573,108.689,156.643,146.445,0.0807,37.096,0.0401,128.332,0.1207,67.382
8,6272,4,2048,51200,256,1,1,1,98.917,144.92,126.38,132.161,161.178,148.219,139.817,129.854,0.0654,45.876,0.0358,143.895,0.1012,80.581
8,6280,4,2048,51200,256,1,1,1,32.784,105.781,52.351,34.124,106.166,132.918,149.314,149.507,0.0827,36.348,0.0368,140.64,0.1195,68.437
8,6288,4,2048,51200,256,1,1,1,87.563,134.823,113.049,91.619,148.021,123.011,157.629,130.66,0.0681,44.215,0.0375,138.185,0.1057,77.571
8,6296,4,2048,51200,256,1,1,1,30.966,112.628,75.679,40.709,128.943,131.456,140.423,147.406,0.0798,37.853,0.0383,135.791,0.1181,69.596
8,6304,4,2048,51200,256,1,1,1,90.114,145.663,100.25,81.541,141.804,162.971,159.264,155.47,0.0614,49.296,0.0323,161.096,0.0937,87.856
8,6312,4,2048,51200,256,1,1,1,32.822,112.592,57.8,40.668,130.321,107.697,157.127,132.995,0.084,36.13,0.0409,127.799,0.1249,66.131
8,6320,4,2048,51200,256,1,1,1,75.521,124.443,103.48,117.388,147.548,140.411,140.589,129.742,0.0705,43.118,0.0373,140.5,0.1078,76.776
8,6328,4,2048,51200,256,1,1,1,32.952,105.171,52.854,33.959,106.336,133.323,152.278,150.721,0.0833,36.619,0.0369,142.172,0.1202,69.044
8,6336,4,2048,51200,256,1,1,1,93.355,150.195,126.735,113.482,148.402,154.751,135.445,131.603,0.0661,46.262,0.0364,144.455,0.1025,81.161
8,6344,4,2048,51200,256,1,1,1,32.645,116.794,55.759,36.893,131.759,131.173,147.798,139.475,0.0827,37.029,0.038,138.99,0.1207,69.096
8,6352,4,2048,51200,256,1,1,1,70.166,147.118,145.865,78.824,122.505,124.527,157.98,148.612,0.065,47.259,0.038,139.273,0.1029,81.2
8,6360,4,2048,51200,256,1,1,1,31.652,132.526,57.212,36.268,114.559,133.415,139.869,132.856,0.084,36.621,0.0388,136.566,0.1229,68.201
8,6368,4,2048,51200,256,1,1,1,66.744,162.764,120.581,125.881,147.456,149.885,143.249,153.936,0.0613,50.304,0.0363,146.492,0.0976,86.059
8,6376,4,2048,51200,256,1,1,1,27.2,132.84,77.226,40.358,107.004,108.356,158.006,150.386,0.0806,38.347,0.0414,128.554,0.1221,68.974
8,6384,4,2048,51200,256,1,1,1,87.8,140.052,142.073,115.715,137.706,139.973,138.208,152.919,0.0624,49.661,0.0384,139.085,0.1008,83.727
8,6392,4,2048,51200,256,1,1,1,27.133,107.765,48.236,40.532,125.747,129.203,155.875,156.7,0.0837,37.105,0.0379,141.292,0.1216,69.572
8,6400,4,2048,51200,256,1,1,1,100.453,164.366,119.977,121.362,156.725,158.088,158.106,138.075,0.0632,49.232,0.034,158.097,0.0972,87.263
8,6408,4,2048,51200,256,1,1,1,30.548,117.075,55.342,41.002,130.757,120.873,150.966,133.505,0.0859,36.353,0.0401,134.254,0.1259,67.516
8,6416,4,2048,51200,256,1,1,1,65.357,147.669,141.401,79.809,119.701,125.806,156.273,154.118,0.0651,48.079,0.0387,139.394,0.1038,82.139
8,6424,4,2048,51200,256,1,1,1,31.449,113.074,77.825,41.171,104.362,110.669,139.718,154.97,0.0809,38.757,0.0438,123.509,0.1247,68.522
8,6432,4,2048,51200,256,1,1,1,92.866,163.249,125.847,96.47,158.736,164.24,158.146,154.204,0.0603,52.107,0.0337,161.135,0.094,91.153
8,6440,4,2048,51200,256,1,1,1,27.324,132.02,78.168,41.006,105.3,108.996,156.497,155.641,0.0805,39.155,0.0423,128.497,0.1228,69.943
8,6448,4,2048,51200,256,1,1,1,89.23,134.562,113.952,93.875,130.408,147.272,141.531,134.722,0.0696,45.358,0.0378,144.344,0.1074,80.165
8,6456,4,2048,51200,256,1,1,1,28.319,132.154,72.899,38.637,116.08,133.221,156.643,155.32,0.0801,39.495,0.0379,143.986,0.1181,73.073
8,6464,4,2048,51200,256,1,1,1,93.508,147.379,105.562,84.855,142.196,164.815,138.096,155.074,0.063,50.378,0.0364,150.277,0.0994,87.001
8,6472,4,2048,51200,256,1,1,1,28.824,131.259,55.998,41.409,109.421,114.509,136.465,137.046,0.0858,37.072,0.0441,124.527,0.1299,66.766
8,6480,4,2048,51200,256,1,1,1,66.327,124.778,143.831,115.288,147.0,146.18,155.968,148.388,0.0678,46.997,0.0365,150.915,0.1043,83.341
8,6488,4,2048,51200,256,1,1,1,28.562,131.644,55.253,34.815,107.479,132.673,137.698,155.265,0.0826,38.658,0.0408,135.139,0.1235,70.566
8,6496,4,2048,51200,256,1,1,1,71.579,162.107,160.508,93.213,161.094,147.978,157.265,156.894,0.0616,51.967,0.0363,152.48,0.0979,89.217
8,6504,4,2048,51200,256,1,1,1,27.443,107.365,56.54,41.485,131.444,117.283,157.323,149.678,0.0861,37.261,0.0413,134.384,0.1274,68.722
8,6512,4,2048,51200,256,1,1,1,73.185,146.955,147.991,78.789,120.329,147.093,138.396,156.624,0.0651,49.436,0.039,142.612,0.104,84.344
8,6520,4,2048,51200,256,1,1,1,28.51,131.096,72.718,36.545,130.101,113.962,137.872,156.735,0.0805,40.029,0.0447,124.782,0.1252,70.261
8,6528,4,2048,51200,256,1,1,1,73.6,124.62,104.858,137.304,153.242,154.539,104.379,150.851,0.0673,48.006,0.0448,124.6,0.1121,78.627
8,6536,4,2048,51200,256,1,1,1,28.498,131.568,52.64,35.09,106.905,132.274,138.417,156.901,0.0833,38.894,0.0414,135.276,0.1247,70.899
8,6544,4,2048,51200,256,1,1,1,69.802,147.518,145.379,80.187,146.563,125.677,158.034,157.744,0.0644,50.402,0.0401,140.01,0.1045,84.783
8,6552,4,2048,51200,256,1,1,1,27.673,107.044,78.23,39.765,131.938,114.627,157.566,148.515,0.0863,37.704,0.0424,132.71,0.1287,69.008
8,6560,4,2048,51200,256,1,1,1,71.255,164.235,158.531,79.106,142.636,162.967,140.229,157.204,0.0632,51.609,0.0374,150.745,0.1006,88.484
8,6568,4,2048,51200,256,1,1,1,28.678,132.313,76.276,36.509,131.392,114.357,157.724,157.227,0.0807,40.473,0.0426,132.584,0.1234,72.309
8,6576,4,2048,51200,256,1,1,1,65.96,119.415,96.068,97.647,145.14,145.206,145.965,157.474,0.069,47.497,0.0389,145.585,0.1079,82.893
8,6584,4,2048,51200,256,1,1,1,28.759,127.756,72.545,35.246,104.273,130.227,119.931,155.589,0.0837,39.238,0.0455,124.867,0.1292,69.403
8,6592,4,2048,51200,256,1,1,1,73.464,162.841,160.927,128.686,156.78,156.366,148.359,140.821,0.066,49.821,0.0374,152.258,0.1034,86.863
8,6600,4,2048,51200,256,1,1,1,32.632,107.62,53.43,35.124,132.524,132.927,151.5,157.802,0.0844,39.077,0.0403,141.607,0.1247,72.226
8,6608,4,2048,51200,256,1,1,1,72.272,135.348,114.816,117.612,147.689,123.184,158.608,137.724,0.0709,46.615,0.0413,138.67,0.1122,80.485
8,6616,4,2048,51200,256,1,1,1,32.594,112.732,77.716,41.314,132.786,131.679,140.457,137.389,0.0867,38.193,0.0422,135.926,0.1289,70.186
8,6624,4,2048,51200,256,1,1,1,91.545,145.144,101.997,78.628,143.418,162.082,158.829,158.872,0.0647,51.308,0.0358,160.439,0.1006,90.212
8,6632,4,2048,51200,256,1,1,1,32.767,114.166,58.439,37.554,132.072,108.922,158.343,137.368,0.0882,37.724,0.0447,129.064,0.1329,68.429
8,6640,4,2048,51200,256,1,1,1,77.758,126.002,96.865,81.368,146.931,136.99,142.118,138.003,0.0732,45.532,0.0414,139.507,0.1147,79.48
8,6648,4,2048,51200,256,1,1,1,32.521,109.376,53.101,35.503,107.491,134.198,152.971,159.037,0.0859,38.928,0.0405,142.971,0.1264,72.283
8,6656,4,2048,51200,256,1,1,1,114.061,159.195,130.385,151.687,158.318,164.724,140.881,137.859,0.0659,50.862,0.0382,151.873,0.1041,87.962
8,6664,4,2048,51200,256,1,1,1,27.455,122.372,73.685,37.36,112.179,133.866,138.649,133.152,0.0916,36.649,0.0427,136.216,0.1343,68.318
8,6672,4,2048,51200,256,1,1,1,65.955,147.369,143.624,106.401,120.479,125.282,156.997,144.547,0.0701,48.023,0.0419,139.358,0.1119,82.185
8,6680,4,2048,51200,256,1,1,1,30.863,131.74,58.042,37.356,111.883,132.982,137.059,133.103,0.0897,37.612,0.0433,134.99,0.133,69.335
8,6688,4,2048,51200,256,1,1,1,68.415,162.64,127.46,129.643,144.119,148.994,140.637,154.904,0.0649,52.105,0.0405,144.694,0.1054,87.702
8,6696,4,2048,51200,256,1,1,1,27.523,132.008,77.476,42.183,105.836,108.345,157.309,154.033,0.0847,40.018,0.0458,128.314,0.1305,71.017
8,6704,4,2048,51200,256,1,1,1,89.158,136.758,146.657,118.148,132.945,137.185,137.456,154.799,0.0665,51.054,0.0429,137.32,0.1094,84.88
8,6712,4,2048,51200,256,1,1,1,27.295,131.74,50.951,42.277,112.006,133.234,155.414,155.3,0.0859,39.613,0.0412,143.472,0.1271,73.255
8,6720,4,2048,51200,256,1,1,1,69.357,135.038,162.566,133.077,152.709,130.637,132.058,145.158,0.0697,48.931,0.0451,131.344,0.1148,81.292
8,6728,4,2048,51200,256,1,1,1,32.72,121.656,73.53,37.502,112.083,132.635,136.236,134.441,0.0898,38.074,0.0441,134.412,0.1339,69.829
8,6736,4,2048,51200,256,1,1,1,66.861,148.313,116.36,121.2,124.185,138.237,145.684,156.714,0.0676,50.639,0.0419,141.863,0.1096,85.542
8,6744,4,2048,51200,256,1,1,1,27.442,131.529,77.27,37.577,106.332,108.157,157.01,155.922,0.0857,40.047,0.0465,128.083,0.1323,71.024
8,6752,4,2048,51200,256,1,1,1,95.724,159.928,162.106,123.625,156.714,159.185,138.556,156.144,0.063,54.603,0.0403,148.156,0.1033,91.113
8,6760,4,2048,51200,256,1,1,1,27.317,107.646,54.54,42.438,108.023,133.812,156.749,156.991,0.09,38.304,0.0415,144.375,0.1315,71.764
8,6768,4,2048,51200,256,1,1,1,67.155,121.681,146.419,120.282,146.144,122.141,157.115,147.492,0.0723,47.78,0.0437,137.438,0.116,81.539
8,6776,4,2048,51200,256,1,1,1,32.526,116.463,72.376,38.093,113.218,132.722,135.722,135.206,0.0912,37.999,0.0448,134.205,0.136,69.722
8,6784,4,2048,51200,256,1,1,1,75.935,146.602,165.551,106.995,162.984,163.885,157.192,149.695,0.0676,51.374,0.0376,160.469,0.1052,90.372
8,6792,4,2048,51200,256,1,1,1,32.489,109.121,52.474,36.694,131.756,107.943,137.574,148.233,0.0895,38.857,0.05,120.97,0.1395,68.274
8,6800,4,2048,51200,256,1,1,1,73.783,147.818,140.357,120.763,135.155,137.327,150.215,134.997,0.0729,47.806,0.0422,143.482,0.1152,82.895
8,6808,4,2048,51200,256,1,1,1,32.585,108.089,55.817,35.811,132.601,115.818,157.468,137.962,0.0927,37.699,0.0455,133.469,0.1382,69.24
8,6816,4,2048,51200,256,1,1,1,93.256,150.398,107.477,85.76,146.272,163.35,139.011,157.067,0.0665,52.671,0.0405,150.201,0.107,89.614
8,6824,4,2048,51200,256,1,1,1,28.76,131.958,77.513,42.59,131.157,115.886,148.726,135.593,0.0896,39.157,0.0469,130.268,0.1365,70.434
8,6832,4,2048,51200,256,1,1,1,90.209,120.87,97.559,82.849,121.63,145.204,140.055,152.345,0.0731,48.127,0.0429,142.583,0.116,83.068
8,6840,4,2048,51200,256,1,1,1,28.552,131.618,53.727,36.009,107.782,132.842,138.853,156.736,0.0879,40.098,0.0452,135.781,0.1331,72.57
8,6848,4,2048,51200,256,1,1,1,75.618,157.553,160.807,116.018,163.572,160.665,149.704,136.873,0.0708,49.911,0.0397,154.991,0.1104,87.644
8,6856,4,2048,51200,256,1,1,1,27.782,131.792,53.629,36.114,108.006,123.871,139.964,151.988,0.0897,39.462,0.0469,131.427,0.1366,71.022
8,6864,4,2048,51200,256,1,1,1,72.037,141.688,146.349,122.978,120.243,123.084,140.996,158.448,0.0689,51.466,0.047,131.433,0.1159,83.876
8,6872,4,2048,51200,256,1,1,1,32.152,112.284,77.76,42.388,131.49,132.146,149.614,137.422,0.0913,38.969,0.0441,140.338,0.1354,72.0
8,6880,4,2048,51200,256,1,1,1,92.915,162.491,103.895,84.022,144.335,145.759,158.077,157.471,0.0663,53.769,0.0409,151.668,0.1072,91.131
8,6888,4,2048,51200,256,1,1,1,28.514,113.816,74.291,41.702,108.022,132.315,139.4,158.602,0.089,40.139,0.0458,135.765,0.1348,72.636
8,6896,4,2048,51200,256,1,1,1,90.644,134.669,108.101,92.626,148.503,147.732,150.48,157.797,0.069,51.869,0.0418,149.094,0.1108,88.549
8,6904,4,2048,51200,256,1,1,1,27.158,131.438,68.932,36.224,107.419,110.449,141.555,158.153,0.0885,40.518,0.0504,124.082,0.1389,70.814
8,6912,4,2048,51200,256,1,1,1,84.186,132.605,171.332,160.437,155.636,130.939,156.216,138.584,0.0729,49.322,0.044,142.465,0.1168,84.362
8,6920,4,2048,51200,256,1,1,1,31.083,110.578,54.443,42.98,130.825,129.776,147.018,134.93,0.0949,37.958,0.0455,137.86,0.1404,70.345
8,6928,4,2048,51200,256,1,1,1,67.41,144.967,142.362,82.635,119.624,121.784,156.938,155.568,0.0715,50.462,0.0459,137.144,0.1174,84.326
8,6936,4,2048,51200,256,1,1,1,30.089,111.7,76.521,42.913,106.049,109.304,136.753,156.828,0.0896,40.366,0.0519,121.498,0.1415,70.116
8,6944,4,2048,51200,256,1,1,1,94.813,157.834,121.911,94.956,158.486,162.429,156.126,156.243,0.0666,54.476,0.0397,159.215,0.1063,93.604
8,6952,4,2048,51200,256,1,1,1,28.392,131.439,77.493,35.998,107.652,109.492,139.945,155.481,0.0889,40.895,0.0516,122.859,0.1404,70.992
8,6960,4,2048,51200,256,1,1,1,69.223,123.007,104.469,122.796,146.01,121.618,157.493,135.898,0.0786,46.31,0.0463,137.25,0.1249,79.993
8,6968,4,2048,51200,256,1,1,1,31.845,113.275,56.087,42.713,130.562,128.204,145.688,135.269,0.0947,38.539,0.0467,136.388,0.1414,70.837
8,6976,4,2048,51200,256,1,1,1,71.762,163.449,165.224,89.428,144.063,147.465,155.662,156.671,0.0681,53.724,0.0421,151.453,0.1102,91.076
8,6984,4,2048,51200,256,1,1,1,33.978,113.406,56.465,42.724,131.767,109.074,155.962,156.372,0.0881,41.604,0.0498,128.371,0.1379,72.939
8,6992,4,2048,51200,256,1,1,1,94.772,146.772,109.612,93.438,133.943,149.24,157.459,157.384,0.0692,53.064,0.0418,153.239,0.111,90.789
8,7000,4,2048,51200,256,1,1,1,28.138,132.296,77.819,41.77,105.459,108.21,156.389,154.305,0.0892,41.263,0.0502,127.913,0.1394,72.469
8,7008,4,2048,51200,256,1,1,1,92.964,147.514,110.938,92.285,163.545,146.842,139.56,136.006,0.0742,49.692,0.045,143.109,0.1192,84.939
8,7016,4,2048,51200,256,1,1,1,33.822,131.609,76.962,38.058,112.9,132.879,158.689,156.789,0.0862,42.871,0.0446,144.642,0.1308,77.568
8,7024,4,2048,51200,256,1,1,1,68.109,123.125,98.028,124.129,147.463,124.608,136.664,137.953,0.0791,46.828,0.0496,130.358,0.1287,79.02
8,7032,4,2048,51200,256,1,1,1,31.515,114.13,56.243,38.219,131.38,109.161,158.263,136.341,0.0961,38.644,0.0502,129.204,0.1462,69.71
8,7040,4,2048,51200,256,1,1,1,102.182,164.4,159.287,143.176,159.802,159.894,158.913,148.453,0.0674,55.171,0.0408,159.402,0.1082,94.433
8,7048,4,2048,51200,256,1,1,1,33.625,107.701,53.015,36.25,132.826,108.925,138.819,138.432,0.0966,38.614,0.0533,122.068,0.1499,68.31
8,7056,4,2048,51200,256,1,1,1,91.193,128.118,145.691,84.376,125.188,148.792,134.318,137.607,0.0783,47.747,0.0462,141.185,0.1245,82.443
8,7064,4,2048,51200,256,1,1,1,28.424,133.495,67.335,43.099,132.563,116.622,157.876,148.069,0.0903,41.485,0.0488,134.149,0.139,73.984
8,7072,4,2048,51200,256,1,1,1,93.301,146.54,103.142,83.828,145.406,164.797,135.676,157.586,0.0703,53.394,0.044,148.825,0.1143,90.163
8,7080,4,2048,51200,256,1,1,1,29.613,133.456,58.198,43.12,111.711,114.916,147.777,157.931,0.0891,42.223,0.0508,129.291,0.1399,73.856
8,7088,4,2048,51200,256,1,1,1,67.796,123.975,97.393,81.965,126.761,149.256,149.365,157.485,0.0765,49.24,0.0441,149.31,0.1206,85.826
8,7096,4,2048,51200,256,1,1,1,29.705,116.293,72.556,43.048,108.605,110.314,139.221,157.929,0.0914,41.308,0.0536,123.093,0.145,71.544
8,7104,4,2048,51200,256,1,1,1,92.889,148.319,161.109,134.046,164.556,163.293,141.565,137.288,0.0735,51.452,0.0436,151.655,0.1172,88.755
8,7112,4,2048,51200,256,1,1,1,33.706,106.868,53.343,36.345,108.195,133.869,149.795,157.014,0.0941,40.291,0.0469,141.385,0.141,73.908
8,7120,4,2048,51200,256,1,1,1,91.701,134.831,111.934,94.061,147.11,123.448,159.763,158.407,0.0717,52.989,0.0477,139.277,0.1194,87.46
8,7128,4,2048,51200,256,1,1,1,33.178,132.126,74.681,43.241,132.423,108.978,136.075,140.53,0.0909,41.899,0.055,121.028,0.1459,71.739
8,7136,4,2048,51200,256,1,1,1,93.107,148.925,157.546,128.262,147.209,148.59,139.257,158.328,0.0688,55.457,0.0464,143.772,0.1152,91.036
8,7144,4,2048,51200,256,1,1,1,28.242,111.041,66.026,40.873,132.79,115.855,158.547,150.817,0.0951,40.214,0.05,133.879,0.1451,72.477
8,7152,4,2048,51200,256,1,1,1,76.891,146.076,92.872,82.629,122.546,148.506,140.174,158.2,0.0737,51.994,0.0465,144.219,0.1202,87.665
8,7160,4,2048,51200,256,1,1,1,28.993,131.664,53.721,43.838,107.431,113.999,138.139,155.426,0.0921,41.685,0.0538,124.914,0.1459,72.367
8,7168,4,2048,51200,256,1,1,1,83.131,130.569,168.756,165.173,155.481,154.216,153.03,158.347,0.0714,53.9,0.0438,153.621,0.1152,91.836
8,7176,4,2048,51200,256,1,1,1,29.066,130.595,52.411,36.806,105.548,131.462,136.333,143.681,0.097,39.766,0.0504,133.853,0.1474,71.953
8,7184,4,2048,51200,256,1,1,1,73.337,146.07,129.641,121.109,146.153,125.418,156.081,156.193,0.0722,53.555,0.0486,139.08,0.1208,87.991
8,7192,4,2048,51200,256,1,1,1,28.036,106.534,73.298,41.243,128.743,112.893,156.905,145.627,0.0982,39.421,0.0516,131.309,0.1499,71.078
8,7200,4,2048,51200,256,1,1,1,74.034,161.877,104.129,87.461,140.083,162.745,130.57,155.013,0.0724,53.617,0.0469,144.893,0.1193,89.505
8,7208,4,2048,51200,256,1,1,1,29.555,131.714,58.516,43.834,128.435,113.948,136.498,155.668,0.0909,42.791,0.0548,124.208,0.1457,73.427
8,7216,4,2048,51200,256,1,1,1,69.461,125.149,147.359,126.873,146.163,148.263,156.208,154.581,0.076,51.294,0.0449,152.132,0.1208,88.733
8,7224,4,2048,51200,256,1,1,1,29.844,133.149,68.986,37.006,107.377,135.146,138.424,155.807,0.0924,42.247,0.05,136.766,0.1424,75.434
8,7232,4,2048,51200,256,1,1,1,76.459,164.089,162.414,139.07,155.823,158.408,148.587,142.285,0.0734,53.318,0.0447,153.341,0.1181,91.182
8,7240,4,2048,51200,256,1,1,1,33.732,108.244,54.405,37.092,106.736,134.476,148.394,155.715,0.0963,40.73,0.0487,141.093,0.145,74.443
8,7248,4,2048,51200,256,1,1,1,78.999,135.666,115.501,96.213,146.319,124.836,158.599,135.504,0.0806,48.765,0.0493,139.707,0.1299,83.28
8,7256,4,2048,51200,256,1,1,1,28.546,113.345,58.754,44.047,122.681,133.406,134.449,134.828,0.1017,38.702,0.0515,133.926,0.1533,70.716
8,7264,4,2048,51200,256,1,1,1,94.835,147.325,105.276,88.612,144.27,163.731,157.447,156.794,0.0727,54.297,0.0431,160.527,0.1157,93.837
8,7272,4,2048,51200,256,1,1,1,33.994,116.319,58.678,39.151,131.892,110.544,157.755,135.841,0.0986,40.111,0.0533,129.996,0.1519,71.665
8,7280,4,2048,51200,256,1,1,1,80.746,129.582,106.542,87.097,146.41,133.244,138.891,136.084,0.0821,48.281,0.0511,136.009,0.1331,81.937
8,7288,4,2048,51200,256,1,1,1,33.852,109.288,54.372,37.667,106.776,134.251,150.588,157.517,0.0963,41.23,0.049,141.951,0.1453,75.22
8,7296,4,2048,51200,256,1,1,1,105.119,160.381,128.363,119.608,157.872,164.867,139.305,137.65,0.0749,53.104,0.0462,151.012,0.1211,90.454
8,7304,4,2048,51200,256,1,1,1,28.337,133.75,56.041,39.115,113.652,133.416,140.109,136.552,0.1001,39.823,0.0512,136.68,0.1513,72.582
8,7312,4,2048,51200,256,1,1,1,69.845,148.862,146.031,86.122,122.2,125.66,158.042,156.976,0.0755,52.943,0.0501,140.003,0.1255,87.665
8,7320,4,2048,51200,256,1,1,1,33.804,134.061,57.966,39.429,113.905,133.545,137.969,136.116,0.0975,41.07,0.0517,135.721,0.1492,73.896
8,7328,4,2048,51200,256,1,1,1,72.118,163.801,165.091,135.323,145.676,159.31,158.267,157.986,0.0712,56.344,0.0443,158.787,0.1155,95.655
8,7336,4,2048,51200,256,1,1,1,28.513,133.896,77.144,44.892,106.946,109.727,157.642,157.393,0.093,43.2,0.0545,129.391,0.1476,75.044
8,7344,4,2048,51200,256,1,1,1,96.704,137.289,147.545,97.368,134.198,137.259,136.803,157.315,0.0744,54.167,0.0516,137.031,0.1259,88.11
8,7352,4,2048,51200,256,1,1,1,28.507,132.546,72.23,44.9,113.465,134.225,157.556,158.53,0.093,43.409,0.0489,144.958,0.1418,78.399
8,7360,4,2048,51200,256,1,1,1,73.605,146.382,162.282,139.368,162.901,147.961,141.383,148.041,0.0753,53.672,0.0491,144.597,0.1244,89.548
8,7368,4,2048,51200,256,1,1,1,33.196,130.174,69.695,45.065,112.869,115.965,138.507,138.525,0.0969,41.808,0.0564,126.237,0.1533,72.853
8,7376,4,2048,51200,256,1,1,1,70.218,123.383,148.711,97.718,147.142,125.247,142.373,144.572,0.0818,49.654,0.0535,133.262,0.1353,82.724
8,7384,4,2048,51200,256,1,1,1,28.658,108.665,75.901,45.337,105.791,109.383,159.376,148.124,0.1009,40.307,0.0551,129.73,0.156,71.878
8,7392,4,2048,51200,256,1,1,1,94.668,159.173,157.386,135.18,155.675,157.486,158.923,158.253,0.0705,57.865,0.0453,158.201,0.1157,97.115
8,7400,4,2048,51200,256,1,1,1,27.953,107.142,73.105,45.686,131.234,114.213,157.934,158.931,0.0976,41.852,0.0541,132.561,0.1518,74.216
8,7408,4,2048,51200,256,1,1,1,69.995,123.521,94.161,129.559,147.662,125.269,141.121,150.283,0.0809,50.578,0.0542,132.723,0.1351,83.522
8,7416,4,2048,51200,256,1,1,1,33.721,132.517,72.027,45.904,114.21,117.127,138.774,158.056,0.0913,44.937,0.0567,127.035,0.148,76.409
8,7424,4,2048,51200,256,1,1,1,87.934,147.64,113.568,171.633,164.312,149.416,159.785,139.149,0.0779,52.756,0.0468,154.426,0.1247,90.9
8,7432,4,2048,51200,256,1,1,1,33.753,107.019,53.682,38.624,130.469,108.118,136.348,143.453,0.1016,40.521,0.06,120.603,0.1617,70.255
8,7440,4,2048,51200,256,1,1,1,94.248,147.164,145.078,98.225,146.059,134.237,156.583,155.046,0.0745,55.388,0.0502,144.552,0.1247,91.276
8,7448,4,2048,51200,256,1,1,1,28.732,106.411,55.463,43.534,129.52,113.021,140.601,136.111,0.1062,38.944,0.058,125.312,0.1642,69.462
8,7456,4,2048,51200,256,1,1,1,95.304,147.489,112.79,90.954,146.808,161.808,136.361,155.369,0.0752,55.097,0.0492,147.999,0.1244,91.853
8,7464,4,2048,51200,256,1,1,1,29.722,130.758,67.347,40.206,129.535,113.534,155.876,155.448,0.0951,43.674,0.0556,131.377,0.1506,76.032
8,7472,4,2048,51200,256,1,1,1,70.619,121.991,98.761,87.032,146.382,125.977,156.355,135.039,0.0877,47.449,0.0524,139.532,0.1401,81.914
8,7480,4,2048,51200,256,1,1,1,34.228,106.739,53.805,38.679,130.012,107.898,136.296,146.494,0.1015,41.085,0.0609,120.446,0.1624,70.847
8,7488,4,2048,51200,256,1,1,1,94.485,159.26,161.904,104.415,155.519,153.201,149.015,132.098,0.08,52.188,0.0486,151.079,0.1287,89.571
8,7496,4,2048,51200,256,1,1,1,34.123,107.215,54.003,38.793,129.926,113.769,156.065,135.751,0.105,39.843,0.056,131.602,0.161,71.736
8,7504,4,2048,51200,256,1,1,1,94.237,122.993,99.139,86.19,121.478,148.567,135.226,155.214,0.0815,51.485,0.0521,141.583,0.1336,86.644
8,7512,4,2048,51200,256,1,1,1,29.945,131.087,67.942,45.587,129.065,114.927,154.705,155.75,0.0949,44.302,0.0561,131.882,0.1509,76.844
8,7520,4,2048,51200,256,1,1,1,89.823,145.616,104.978,89.56,143.591,163.498,139.825,136.171,0.0827,50.912,0.0492,150.738,0.1319,88.133
8,7528,4,2048,51200,256,1,1,1,30.186,131.292,55.181,39.171,106.781,133.623,136.396,155.425,0.0983,42.92,0.055,134.996,0.1533,75.962
8,7536,4,2048,51200,256,1,1,1,76.547,146.103,148.608,131.163,147.139,147.717,147.564,133.164,0.0831,50.85,0.0504,147.64,0.1336,87.389
8,7544,4,2048,51200,256,1,1,1,34.183,107.299,52.743,39.349,107.568,133.848,151.04,135.659,0.1074,39.431,0.0526,141.925,0.16,73.102
8,7552,4,2048,51200,256,1,1,1,82.227,163.643,166.928,98.278,143.804,146.286,137.522,156.853,0.0743,57.144,0.0527,141.769,0.127,92.278
8,7560,4,2048,51200,256,1,1,1,34.222,114.759,72.57,47.46,131.685,132.621,148.941,133.651,0.1027,41.409,0.0534,140.308,0.1561,75.236
8,7568,4,2048,51200,256,1,1,1,99.736,146.966,98.806,87.85,122.999,124.489,144.827,155.714,0.0781,54.558,0.0561,133.89,0.1342,87.709
8,7576,4,2048,51200,256,1,1,1,29.854,131.582,77.517,38.841,106.756,132.331,136.894,156.134,0.0978,43.657,0.0559,134.574,0.1537,76.722
8,7584,4,2048,51200,256,1,1,1,95.798,159.847,121.666,98.319,163.844,163.332,150.051,156.075,0.0742,57.666,0.0482,156.41,0.1224,96.553
8,7592,4,2048,51200,256,1,1,1,28.987,132.294,76.264,39.838,108.432,109.738,139.721,156.018,0.0983,43.63,0.0615,122.927,0.1597,74.144
8,7600,4,2048,51200,256,1,1,1,75.376,121.585,148.36,131.651,147.091,120.979,154.242,135.564,0.0872,49.24,0.0558,135.6,0.1431,82.942
8,7608,4,2048,51200,256,1,1,1,32.37,112.133,56.175,47.634,131.224,131.2,147.676,135.129,0.1055,40.793,0.0546,138.951,0.1601,74.268
8,7616,4,2048,51200,256,1,1,1,73.36,154.977,161.884,94.277,129.004,131.886,117.3,151.905,0.0791,54.535,0.0612,124.166,0.1403,84.922
8,7624,4,2048,51200,256,1,1,1,30.201,112.135,73.53,47.76,107.5,109.723,137.323,156.632,0.1009,42.805,0.0625,121.981,0.1634,73.069
8,7632,4,2048,51200,256,1,1,1,95.205,131.699,115.002,100.965,146.624,135.064,149.08,156.075,0.0794,54.52,0.0539,141.726,0.1333,89.767
8,7640,4,2048,51200,256,1,1,1,29.044,131.288,76.642,39.984,106.569,110.216,139.179,156.714,0.0991,43.76,0.0622,123.016,0.1613,74.314
8,7648,4,2048,51200,256,1,1,1,76.372,147.724,112.564,137.414,164.846,150.086,159.283,136.523,0.0831,52.283,0.0496,154.548,0.1327,90.5
8,7656,4,2048,51200,256,1,1,1,32.414,132.355,58.564,42.019,114.793,132.771,149.313,157.025,0.0974,44.721,0.0547,140.557,0.152,79.174
8,7664,4,2048,51200,256,1,1,1,71.486,119.295,143.036,132.358,147.012,119.998,158.516,157.06,0.0826,52.819,0.0564,136.594,0.139,86.794
8,7672,4,2048,51200,256,1,1,1,34.257,110.054,56.726,48.678,129.986,106.504,157.984,138.184,0.1051,41.587,0.0606,127.234,0.1658,72.915
8,7680,4,2048,51200,256,1,1,1,128.31,128.7,144.023,155.826,104.914,130.144,103.84,157.023,0.0802,54.607,0.0669,115.514,0.1472,82.308
8,7688,4,2048,51200,256,1,1,1,30.167,123.813,73.337,40.838,101.478,110.028,137.426,155.128,0.1015,43.239,0.0634,122.21,0.1649,73.596
8,7696,4,2048,51200,256,1,1,1,75.805,122.213,143.989,134.97,115.709,120.243,142.724,156.566,0.084,52.382,0.0595,130.523,0.1434,84.783
8,7704,4,2048,51200,256,1,1,1,36.007,113.291,58.94,48.817,129.851,132.715,148.176,133.752,0.1056,41.731,0.0556,140.02,0.1612,75.617
8,7712,4,2048,51200,256,1,1,1,74.012,162.548,107.244,93.889,140.796,146.187,140.283,154.807,0.0789,55.992,0.0544,143.174,0.1333,91.601
8,7720,4,2048,51200,256,1,1,1,31.383,111.726,74.756,48.942,105.557,108.801,138.024,156.204,0.1022,43.289,0.0642,121.683,0.1664,73.535
8,7728,4,2048,51200,256,1,1,1,96.064,123.31,113.018,133.452,138.458,126.219,148.646,134.949,0.0885,50.059,0.0573,136.517,0.1459,84.041
8,7736,4,2048,51200,256,1,1,1,30.135,109.571,54.613,40.835,89.311,111.564,126.12,136.499,0.1137,39.059,0.0663,118.397,0.18,68.268
8,7744,4,2048,51200,256,1,1,1,80.235,147.54,144.938,96.182,113.417,147.895,129.472,156.525,0.0811,54.858,0.0569,138.072,0.138,89.175
8,7752,4,2048,51200,256,1,1,1,31.401,129.214,73.401,45.331,108.626,111.57,156.828,134.71,0.106,42.044,0.0604,130.383,0.1665,74.104
8,7760,4,2048,51200,256,1,1,1,96.491,118.915,100.422,89.435,115.871,143.872,139.801,137.212,0.0917,48.69,0.0557,141.808,0.1474,83.85
8,7768,4,2048,51200,256,1,1,1,31.151,130.069,56.011,40.963,106.226,131.329,138.553,156.388,0.1015,44.085,0.0587,134.844,0.1602,77.318
8,7776,4,2048,51200,256,1,1,1,78.652,161.175,164.026,143.274,161.374,164.03,148.879,135.838,0.0826,54.262,0.0508,156.088,0.1334,93.014
8,7784,4,2048,51200,256,1,1,1,36.299,108.227,56.273,41.076,106.285,132.976,139.702,137.87,0.1096,40.993,0.0583,136.256,0.1679,74.064
8,7792,4,2048,51200,256,1,1,1,76.273,144.723,149.742,87.732,117.199,141.469,139.082,156.984,0.0823,54.683,0.0567,140.266,0.1391,89.6
8,7800,4,2048,51200,256,1,1,1,35.698,112.869,59.603,49.861,130.788,132.062,149.432,134.712,0.107,42.159,0.0569,140.211,0.1639,76.191
8,7808,4,2048,51200,256,1,1,1,109.057,162.643,108.808,103.35,143.0,148.106,141.91,155.01,0.0774,58.382,0.0551,144.942,0.1325,94.386
8,7816,4,2048,51200,256,1,1,1,31.354,113.592,72.559,50.095,106.972,111.988,138.516,157.766,0.1029,43.993,0.0647,123.847,0.1676,74.801
8,7824,4,2048,51200,256,1,1,1,96.859,135.006,111.728,101.578,146.521,147.433,149.881,157.004,0.0813,55.811,0.054,148.647,0.1353,92.856
8,7832,4,2048,51200,256,1,1,1,30.189,132.049,74.217,41.755,104.885,110.183,140.394,156.857,0.1015,44.764,0.0651,123.467,0.1667,75.515
8,7840,4,2048,51200,256,1,1,1,79.052,147.001,110.724,143.336,161.811,145.222,158.946,137.49,0.0855,53.282,0.0531,151.774,0.1386,91.015
8,7848,4,2048,51200,256,1,1,1,33.945,131.763,58.283,42.975,112.465,133.314,150.177,158.395,0.0997,45.781,0.0572,141.244,0.1568,80.572
8,7856,4,2048,51200,256,1,1,1,72.746,121.177,150.178,136.627,146.122,123.671,159.106,157.267,0.0848,53.92,0.0581,139.168,0.1429,88.592
8,7864,4,2048,51200,256,1,1,1,36.237,111.801,56.675,43.035,130.366,108.464,158.709,136.448,0.1087,42.156,0.0629,128.862,0.1716,73.947
8,7872,4,2048,51200,256,1,1,1,105.078,163.553,132.412,109.689,156.892,162.982,152.389,148.59,0.079,58.119,0.0516,157.508,0.1305,97.383
8,7880,4,2048,51200,256,1,1,1,36.182,107.171,54.274,49.995,131.808,108.773,158.486,158.47,0.1027,44.78,0.0631,129.006,0.1658,76.834
8,7888,4,2048,51200,256,1,1,1,75.132,146.821,101.3,93.544,123.815,148.483,137.422,137.039,0.0898,51.283,0.0571,142.739,0.147,86.836
